date,year,course,type,etape,equipe,classification,statut,rang,pts_uci,rang_gc_final,pts_uci_gc_final,rang_kom_final,pts_uci_kom_final,rang_points_final,pts_uci_points_final,selected,pts_uci_equipe_stage,pts_uci_equipe_total,pts_uci_gc,pts_uci_kom,pts_uci_points,stage_num,distance_gpx_km,denivele_pos,denivele_neg,altitude_max,altitude_min,n_cols_cat4,n_cols_cat3,n_cols_cat2,n_cols_cat1,n_cols_hc,gradient_last_1km,gradient_last_3km,gradient_last_5km,denivele_last_5km,gradient_first_50km,denivele_first_50km,cobblestones_km,unpaved_km,compacted_gravel_km,paved_km,asphalt_km,access_road_km,cycleway_km,loc_last_col_cat1,loc_last_col_cat2,loc_last_col_cat3,loc_last_col_cat4,loc_last_col_hc,off-grid_(unknown)_km,path_km,road_km,singletrack_km,state_road_km,street_km,unknown_km,leader_played,n_races_30d,km_30d,max_pts,cobblestones_last_50km,compacted_gravel_last_50km,cobblestones_last_20km,compacted_gravel_last_20km,cobblestones_last_10km,compacted_gravel_last_10km,pts_ratio,startlist_quality,avg_temperature,won_how,forme_equipe,stage_cluster,stage_cluster_label,is_team_leader
2024-03-02,2024,south-aegean-tour,stage,1.0,Team Novo Nordisk Development,2.2,FIN,28.0,0.0,31.0,0.0,,,,,1,-2.0,-2.0,0.0,0.0,0.0,1.0,180.3,1924.0,1827.0,244.0,4.0,3.0,3.0,0.0,0.0,0.0,5.2,2.27,1.62,146.0,0.0,597.0,0.0,0.0,0.0,0.321,180.0,0.0,0.0,0.0,0.0,0.8362,0.9998,0.0,0.0,0.0,114.0,0.0,65.7,0.547,0.0,1,0,0.0,7.0,0.0,0.0,0.0,0.0,0.0,0.0,0.0,12.0,16.0,-,0.0,2.0,⛰️  Moy. montagne,0
2024-03-03,2024,south-aegean-tour,stage,2.0,Team Novo Nordisk Development,2.2,FIN,41.0,0.0,31.0,0.0,,,,,1,0.0,-2.0,0.0,0.0,0.0,2.0,168.61,1838.0,1624.0,241.0,4.0,1.0,6.0,0.0,0.0,0.0,5.1,2.93,0.32,135.0,0.03,367.0,0.0,1.73,0.0,0.0,167.0,0.0,0.0,0.0,0.0,0.9613,0.9998,0.0,0.0,1.73,163.0,0.0,4.32,0.541,0.451,1,1,180.3,7.0,0.0,0.0,0.0,0.0,0.0,0.0,0.0,12.0,18.0,-,-0.4,2.0,⛰️  Moy. montagne,0
2024-03-09,2024,rhodes-gp,result,,Team Novo Nordisk Development,1.2,DNF,,0.0,,,,,,,1,0.0,0.0,0.0,0.0,0.0,,,,,,,0.0,0.0,0.0,0.0,0.0,,,,,,,,,,,,,,,,,,,,,,,,,,1,2,348.91,,,,,,,,,22.0,17.0,-,,,,0
2024-03-14,2024,tour-of-rhodes,prologue,,Team Novo Nordisk Development,2.2,FIN,115.0,0.0,98.0,0.0,,,,,1,0.0,-5.0,0.0,0.0,0.0,,3.77,223.0,10.0,249.0,36.0,0.0,1.0,0.0,0.0,0.0,6.9,5.43,5.64,223.0,5.64,223.0,0.0,0.0,0.0,0.0,3.7,0.0,0.0,0.0,0.0,0.9944,0.9944,0.0,0.0,0.0,3.7,0.0,0.0,0.0,0.0,1,3,348.91,7.0,0.0,0.0,0.0,0.0,0.0,0.0,0.0,,,,0.0,0.0,⏱️  CLM,0
2024-03-15,2024,tour-of-rhodes,stage,1.0,Team Novo Nordisk Development,2.2,FIN,131.0,0.0,98.0,0.0,,,,,1,0.0,-5.0,0.0,0.0,0.0,1.0,147.29,1825.0,1724.0,674.0,3.0,2.0,2.0,0.0,1.0,0.0,2.9,1.1,1.28,97.0,0.54,469.0,0.0,0.288,0.0,0.702,146.0,0.0,0.0,0.5281,0.5281,0.8109,0.9997,0.0,0.0,0.288,142.0,0.0,4.3,0.873,0.171,1,4,352.68,7.0,0.0,0.0,0.0,0.0,0.0,0.0,0.0,22.0,18.0,Sprint of large group,-0.4,2.0,⛰️  Moy. montagne,0
2024-03-16,2024,tour-of-rhodes,stage,2.0,Team Novo Nordisk Development,2.2,FIN,69.0,0.0,98.0,0.0,,,,,1,-5.0,-5.0,0.0,0.0,0.0,2.0,159.57,2211.0,2197.0,534.0,4.0,4.0,2.0,1.0,0.0,0.0,6.4,2.37,1.68,137.0,-0.13,576.0,0.0,0.4,0.0,0.467,158.0,0.0,0.0,0.0,0.4553,0.8372,0.9998,0.0,0.795,0.4,105.0,0.0,53.1,0.419,0.91,1,5,499.97,7.0,0.0,0.0,0.0,0.0,0.0,0.0,0.0,22.0,18.0,Sprint of small group,-0.4,2.0,⛰️  Moy. montagne,0
2024-03-17,2024,tour-of-rhodes,stage,3.0,Team Novo Nordisk Development,2.2,FIN,112.0,0.0,98.0,0.0,,,,,1,0.0,-5.0,0.0,0.0,0.0,3.0,148.33,2422.0,2417.0,674.0,4.0,4.0,2.0,0.0,1.0,0.0,0.2,-0.23,-0.06,30.0,0.58,878.0,0.0,0.482,0.0,1.51,146.0,0.0,0.0,0.7632,0.7632,0.7632,0.7632,0.0,0.0,0.429,123.0,0.0,23.6,0.961,0.0,1,6,659.54,7.0,0.0,0.0,0.0,0.0,0.0,0.0,0.0,22.0,18.0,Sprint of 18 riders,-1.4,2.0,⛰️  Moy. montagne,0
2024-04-24,2024,tour-of-the-gila,stage,1.0,Team Novo Nordisk Development,2.2,FIN,84.0,0.0,69.0,0.0,,,,,1,0.0,0.0,0.0,0.0,0.0,1.0,147.83,1604.0,1390.0,2077.0,1357.0,0.0,1.0,0.0,1.0,0.0,8.6,8.27,7.7,334.0,-0.89,221.0,0.0,0.0,0.0,11.0,137.0,0.0,0.0,0.9996,0.9996,0.9996,0.9996,0.0,0.0,0.0,31.3,0.0,117.0,0.0,0.0,1,0,0.0,7.0,0.0,0.0,0.0,0.0,0.0,0.0,0.0,8.0,20.0,-,0.0,3.0,🏔️  Haute montagne,0
2024-04-25,2024,tour-of-the-gila,stage,2.0,Team Novo Nordisk Development,2.2,FIN,53.0,0.0,69.0,0.0,,,,,1,0.0,0.0,0.0,0.0,0.0,2.0,122.3,1653.0,1655.0,2277.0,1759.0,3.0,2.0,1.0,0.0,0.0,2.3,1.73,1.62,86.0,-0.15,854.0,0.0,0.0,0.0,0.0,122.0,0.0,0.0,0.0,0.2486,0.8702,0.9997,0.0,0.0,0.0,110.0,0.0,11.9,0.0,0.0,1,1,147.83,7.0,0.0,0.0,0.0,0.0,0.0,0.0,0.0,8.0,17.0,Sprint of large group,-1.4,2.0,⛰️  Moy. montagne,0
2024-04-26,2024,tour-of-the-gila,stage,3.0,Team Novo Nordisk Development,2.2,FIN,80.0,0.0,69.0,0.0,,,,,1,0.0,0.0,0.0,0.0,0.0,3.0,25.98,381.0,378.0,1922.0,1734.0,1.0,1.0,0.0,0.0,0.0,-1.3,-2.27,-2.44,255.0,0.01,381.0,0.0,0.0,0.0,25.8,0.0,0.0,0.0,0.0,0.0,0.7738,0.7738,0.0,0.0,0.0,0.0,0.0,25.8,0.0,0.0,1,2,270.13,7.0,0.0,0.0,0.0,0.0,0.0,0.0,0.0,8.0,14.0,Time trial,0.0,1.0,🟢  Plat/Sprint,0
2024-04-27,2024,tour-of-the-gila,stage,4.0,Team Novo Nordisk Development,2.2,FIN,71.0,0.0,69.0,0.0,,,,,1,0.0,0.0,0.0,0.0,0.0,4.0,44.18,425.0,425.0,1809.0,1796.0,0.0,0.0,0.0,0.0,0.0,-0.7,-0.1,0.0,425.0,0.0,425.0,0.0,0.0,0.0,9.17,35.0,0.0,0.0,0.0,0.0,0.0,0.0,0.0,0.0,0.0,35.0,0.0,0.0,9.17,0.0,1,3,296.11,7.0,0.0,0.0,0.0,0.0,0.0,0.0,0.0,8.0,14.0,-,0.0,1.0,🟢  Plat/Sprint,0
2024-04-28,2024,tour-of-the-gila,stage,5.0,Team Novo Nordisk Development,2.2,FIN,69.0,0.0,69.0,0.0,,,,,1,0.0,0.0,0.0,0.0,0.0,5.0,161.72,2865.0,2598.0,2279.0,1694.0,1.0,2.0,3.0,0.0,0.0,4.6,3.17,1.8,158.0,0.09,614.0,0.0,0.0,0.0,26.2,136.0,0.0,0.0,0.0,0.8757,0.8757,0.9997,0.0,0.0,0.0,153.0,0.0,8.39,0.864,0.0,1,4,340.29,7.0,0.0,0.0,0.0,0.0,0.0,0.0,0.0,8.0,16.0,-,-1.0,2.0,⛰️  Moy. montagne,0
2024-05-19,2024,gran-premio-new-york-city,result,,Team Novo Nordisk Development,1.2,DNF,,0.0,,,,,,,1,0.0,0.0,0.0,0.0,0.0,,135.67,1919.0,1828.0,256.0,0.0,6.0,2.0,0.0,0.0,0.0,2.9,1.83,1.72,142.0,0.01,704.0,0.0,0.0,0.0,13.2,121.0,0.0,2.04,0.0,0.0,0.579,0.9998,0.0,1.43,0.137,81.3,0.0,38.7,12.2,1.36,1,5,502.01,40.0,0.0,0.0,0.0,0.0,0.0,0.0,0.0,18.0,17.0,Sprint of 3 riders,-1.0,2.0,⛰️  Moy. montagne,0
2024-06-12,2024,tour-de-beauce,stage,1.0,Team Novo Nordisk Development,2.2,FIN,100.0,0.0,,,,,,,1,0.0,0.0,0.0,0.0,0.0,1.0,198.28,2154.0,2160.0,541.0,180.0,5.0,3.0,0.0,0.0,0.0,0.0,0.47,-1.4,70.0,0.37,693.0,0.0,3.95,0.0,3.36,191.0,0.0,1.63,0.0,0.0,0.9253,0.9253,0.0,0.0,0.0,108.0,0.0,87.5,0.99,0.0,1,1,135.67,7.0,0.0,0.0,0.0,0.0,0.0,0.0,0.0,5.0,19.0,-,-1.0,2.0,⛰️  Moy. montagne,0
2024-06-13,2024,tour-de-beauce,stage,2.0,Team Novo Nordisk Development,2.2,FIN,102.0,0.0,,,,,,,1,0.0,0.0,0.0,0.0,0.0,2.0,164.03,2122.0,2125.0,712.0,224.0,3.0,2.0,1.0,0.0,0.0,1.6,0.77,-0.2,289.0,0.13,483.0,0.0,0.0,0.0,0.0,164.0,0.0,0.0,0.0,0.5735,0.9475,0.9475,0.0,0.0,0.0,164.0,0.0,0.0,0.0,0.0,1,2,333.95,7.0,0.0,0.0,0.0,0.0,0.0,0.0,0.0,5.0,21.0,-,0.0,2.0,⛰️  Moy. montagne,0
2024-06-14,2024,tour-de-beauce,stage,3.0,Team Novo Nordisk Development,2.2,FIN,101.0,0.0,,,,,,,1,0.0,0.0,0.0,0.0,0.0,3.0,168.86,2543.0,1854.0,1104.0,264.0,3.0,2.0,0.0,0.0,1.0,9.6,8.73,9.74,646.0,0.17,621.0,0.0,7.13,0.0,0.264,162.0,0.0,0.0,0.9997,0.9997,0.9997,0.9997,0.9997,0.0,0.0,134.0,0.0,29.8,5.44,0.0,1,3,497.98,7.0,0.0,0.0,0.0,0.0,0.0,0.0,0.0,5.0,20.0,-,0.0,3.0,🏔️  Haute montagne,0
2024-06-15,2024,tour-de-beauce,stage,4.0,Team Novo Nordisk Development,2.2,FIN,114.0,0.0,,,,,,,1,0.0,0.0,0.0,0.0,0.0,4.0,70.5,907.0,910.0,100.0,74.0,0.0,0.0,0.0,0.0,0.0,0.2,0.07,0.04,92.0,-0.03,636.0,0.0,0.0,0.0,0.0,70.0,0.0,0.0,0.0,0.0,0.0,0.0,0.0,0.0,0.0,22.8,0.0,35.7,11.5,0.0,1,4,666.84,7.0,0.0,0.0,0.0,0.0,0.0,0.0,0.0,5.0,19.0,Sprint of large group,0.0,1.0,🟢  Plat/Sprint,0
2024-06-16,2024,tour-de-beauce,stage,5.0,Team Novo Nordisk Development,2.2,DNF,,0.0,,,,,,,1,0.0,0.0,0.0,0.0,0.0,5.0,122.03,1967.0,1968.0,272.0,178.0,12.0,0.0,0.0,0.0,0.0,-1.4,-2.33,-1.64,188.0,0.01,808.0,0.0,0.0,0.0,58.2,65.1,0.0,27.7,0.0,0.0,0.0,0.9554,0.0,0.0,0.0,3.84,0.0,0.296,91.4,0.0,1,5,737.34,7.0,0.0,0.0,0.0,0.0,0.0,0.0,0.0,5.0,19.0,-,0.0,2.0,⛰️  Moy. montagne,0
2024-06-23,2024,danish-championships,result,,Team Novo Nordisk Development,NC,,,0.0,,,,,,,0,0.0,0.0,0.0,0.0,0.0,,129.64,1464.0,1246.0,351.0,67.0,1.0,3.0,0.0,0.0,0.0,2.7,2.1,1.48,96.0,0.34,395.0,0.0,0.353,0.0,3.01,125.0,0.0,3.21,0.0,0.0,0.8358,0.9997,0.0,0.889,0.0,65.2,0.353,59.9,0.13,0.819,0,5,723.7,100.0,0.0,0.0,0.0,0.0,0.0,0.0,0.0,126.0,,Sprint of small group,0.0,1.0,🟢  Plat/Sprint,0
2024-06-23,2024,nc-poland,result,,Team Novo Nordisk Development,NC,,,0.0,,,,,,,0,0.0,0.0,0.0,0.0,0.0,,,,,,,0.0,0.0,0.0,0.0,0.0,,,,,,,,,,,,,,,,,,,,,,,,,,0,5,723.7,,,,,,,,,,,Sprint of small group,,,,0
2024-07-20,2024,gp-czech-republic,result,,Team Novo Nordisk Development,1.2,DNF,,0.0,,,,,,,1,0.0,0.0,0.0,0.0,0.0,,186.19,2125.0,2077.0,454.0,165.0,3.0,3.0,0.0,0.0,0.0,0.4,2.13,-0.94,137.0,-0.11,356.0,1.4,0.735,3.73,7.78,172.0,0.0,1.08,0.0,0.0,0.8833,0.9428,0.0,0.0,8.47,172.0,0.0,0.0,4.22,0.345,1,0,0.0,40.0,1.016,0.0,0.261,0.0,0.261,0.0,0.0,13.0,26.0,6 km solo,0.0,2.0,⛰️  Moy. montagne,0
2024-07-21,2024,visegrad-4-bicycle-race-gp-polski-via-odra,result,,Team Novo Nordisk Development,1.2,DNF,,0.0,,,,,,,1,0.0,0.0,0.0,0.0,0.0,,174.56,1332.0,1337.0,201.0,82.0,6.0,0.0,0.0,0.0,0.0,-0.3,-0.77,-0.1,26.0,0.04,434.0,0.516,0.0,0.0,8.44,166.0,0.0,0.0,0.0,0.0,0.0,0.8644,0.0,0.0,0.0,173.0,0.0,0.0,1.26,0.0,1,1,186.19,40.0,0.0,0.0,0.0,0.0,0.0,0.0,0.0,14.0,30.0,-,0.0,1.0,🟢  Plat/Sprint,0
2024-07-23,2024,memorial-andrzeja-trochanowskiego,result,,Team Novo Nordisk Development,1.2,FIN,78.0,0.0,,,,,,,1,0.0,0.0,0.0,0.0,0.0,,160.48,865.0,865.0,182.0,143.0,0.0,0.0,0.0,0.0,0.0,0.0,-0.17,-0.24,76.0,0.05,270.0,2.08,0.0,0.0,15.2,143.0,0.0,2.08,0.0,0.0,0.0,0.0,0.0,0.0,0.0,138.0,0.0,0.0,20.0,0.0,1,2,360.75,40.0,0.857,0.0,0.428,0.0,0.428,0.0,0.0,8.0,22.0,Sprint of large group,0.0,1.0,🟢  Plat/Sprint,0
2024-07-24,2024,dookola-mazowsza,stage,1.0,Team Novo Nordisk Development,2.2,FIN,108.0,0.0,151.0,0.0,,,,,1,0.0,0.0,0.0,0.0,0.0,1.0,168.34,212.0,212.0,94.0,81.0,0.0,0.0,0.0,0.0,0.0,-0.1,0.1,0.06,39.0,-0.0,63.0,18.8,0.0,0.0,0.0,150.0,0.0,18.8,0.0,0.0,0.0,0.0,0.0,0.0,0.0,150.0,0.0,0.0,0.0,0.0,1,3,521.23,7.0,7.107,0.0,2.411,0.0,2.411,0.0,0.0,9.0,25.0,-,0.0,1.0,🟢  Plat/Sprint,0
2024-07-25,2024,dookola-mazowsza,stage,2.0,Team Novo Nordisk Development,2.2,FIN,129.0,0.0,151.0,0.0,,,,,1,0.0,0.0,0.0,0.0,0.0,2.0,166.21,520.0,520.0,151.0,108.0,0.0,0.0,0.0,0.0,0.0,-0.3,-0.37,-0.56,33.0,0.06,172.0,0.0,0.0,0.0,0.0,166.0,0.0,0.0,0.0,0.0,0.0,0.0,0.0,0.0,0.0,163.0,0.0,0.0,3.13,0.0,1,4,689.57,7.0,0.0,0.0,0.0,0.0,0.0,0.0,0.0,9.0,22.0,Sprint of large group,0.0,1.0,🟢  Plat/Sprint,0
2024-07-27,2024,dookola-mazowsza,stage,4.0,Team Novo Nordisk Development,2.2,FIN,151.0,0.0,151.0,0.0,,,,,1,0.0,0.0,0.0,0.0,0.0,4.0,166.11,562.0,563.0,167.0,112.0,0.0,0.0,0.0,0.0,0.0,0.1,0.03,-0.24,114.0,0.07,185.0,0.198,0.191,0.0,15.2,149.0,0.0,0.0,0.0,0.0,0.0,0.0,0.0,0.732,0.198,85.0,0.191,68.0,11.4,0.732,1,5,855.7800000000001,7.0,0.0,0.0,0.0,0.0,0.0,0.0,0.0,9.0,29.0,Sprint of large group,0.0,1.0,🟢  Plat/Sprint,0
2024-07-28,2024,puchar-ministra-obrony-narodowej,result,,Team Novo Nordisk Development,1.2,DNF,,0.0,,,,,,,1,0.0,0.0,0.0,0.0,0.0,,167.0,373.0,379.0,118.0,93.0,0.0,0.0,0.0,0.0,0.0,-0.3,-0.17,-0.12,32.0,0.01,116.0,0.0,0.0,0.0,0.0,167.0,0.0,0.0,0.0,0.0,0.0,0.0,0.0,0.0,0.0,164.0,0.0,0.0,3.34,0.0,1,6,1021.89,40.0,0.0,0.0,0.0,0.0,0.0,0.0,0.0,8.0,22.0,-,0.0,1.0,🟢  Plat/Sprint,0
2024-08-24,2024,tour-of-bulgaria,prologue,,Team Novo Nordisk Development,2.2,,,0.0,,,,,,,0,0.0,0.0,0.0,0.0,0.0,,0.93,2.0,4.0,554.0,550.0,0.0,0.0,0.0,0.0,0.0,-0.21,-0.21,-0.21,2.0,-0.21,2.0,0.622,0.0,0.0,0.0,0.0,0.0,0.0,0.0,0.0,0.0,0.0,0.0,0.339,0.312,0.0,0.171,0.0,0.139,0.339,1,3,499.3200000000001,7.0,0.0,0.0,0.0,0.0,0.0,0.0,0.0,,,,0.0,0.0,⏱️  CLM,0
2024-08-25,2024,tour-of-bulgaria,stage,1.0,Team Novo Nordisk Development,2.2,,,0.0,,,,,,,0,0.0,0.0,0.0,0.0,0.0,1.0,160.51,2463.0,2590.0,1521.0,397.0,1.0,0.0,2.0,0.0,1.0,-0.5,-1.17,-1.3,12.0,0.14,577.0,0.178,0.0,0.0,5.03,155.0,0.0,0.0,0.7655,0.7655,0.7655,0.7655,0.7655,0.249,0.178,49.4,0.0,110.0,0.561,0.0,1,2,333.11,7.0,0.0,0.0,0.0,0.0,0.0,0.0,0.0,9.0,32.0,Sprint of small group,0.0,2.0,⛰️  Moy. montagne,0
2024-08-26,2024,tour-of-bulgaria,stage,2.0,Team Novo Nordisk Development,2.2,,,0.0,,,,,,,0,0.0,0.0,0.0,0.0,0.0,2.0,107.93,1483.0,1538.0,1191.0,204.0,2.0,0.0,0.0,0.0,1.0,0.0,-0.6,-0.86,7.0,-0.3,297.0,0.0,0.0,0.0,21.8,85.5,0.0,0.0,0.7029,0.7029,0.7029,0.7029,0.7029,0.828,0.0,56.3,0.0,51.0,0.0,0.908,1,2,333.11,7.0,0.0,0.0,0.0,0.0,0.0,0.0,0.0,9.0,32.0,Sprint à deux,0.0,1.0,🟢  Plat/Sprint,0
2024-08-27,2024,tour-of-bulgaria,stage,3.0,Team Novo Nordisk Development,2.2,,,0.0,,,,,,,0,0.0,0.0,0.0,0.0,0.0,3.0,180.55,715.0,1067.0,364.0,2.0,1.0,0.0,0.0,0.0,0.0,-0.9,-0.77,-0.4,59.0,-0.33,172.0,0.303,0.0,0.0,0.417,180.0,0.0,0.0,0.0,0.0,0.0,0.7212,0.0,0.0,0.303,2.98,0.0,178.0,0.0,0.0,1,1,167.0,7.0,0.0,0.0,0.0,0.0,0.0,0.0,0.0,9.0,31.0,Sprint of large group,0.0,1.0,🟢  Plat/Sprint,0
2024-08-28,2024,tour-of-bulgaria,stage,4.0,Team Novo Nordisk Development,2.2,,,0.0,,,,,,,0,0.0,0.0,0.0,0.0,0.0,4.0,210.12,2512.0,2260.0,1131.0,0.0,3.0,0.0,0.0,0.0,1.0,-1.1,-2.4,-3.32,17.0,-0.01,413.0,0.0,1.18,0.0,50.2,159.0,0.0,0.0,0.7933,0.7933,0.7933,0.7933,0.7933,0.0,0.0,111.0,0.0,98.8,1.17,0.437,1,0,0.0,7.0,0.0,0.0,0.0,0.0,0.0,0.0,0.0,9.0,24.0,30 km solo,0.0,2.0,⛰️  Moy. montagne,0
2024-08-29,2024,tour-of-bulgaria,stage,5.0,Team Novo Nordisk Development,2.2,,,0.0,,,,,,,0,0.0,0.0,0.0,0.0,0.0,5.0,122.92,1389.0,1163.0,1192.0,157.0,0.0,0.0,0.0,0.0,1.0,-0.6,-1.1,-1.26,33.0,0.25,309.0,0.0,0.0,0.0,0.0,119.0,0.0,0.0,0.6168,0.6168,0.6168,0.6168,0.6168,4.29,0.0,0.478,0.0,118.0,0.697,4.35,1,0,0.0,7.0,0.0,0.0,0.0,0.0,0.0,0.0,0.0,9.0,30.0,Sprint of small group,0.0,1.0,🟢  Plat/Sprint,0
2024-08-31,2024,in-the-footsteps-of-the-romans,stage,1.0,Team Novo Nordisk Development,2.2,,,0.0,,,,,,,0,1.0,21.0,20.0,0.0,0.0,1.0,126.36,1098.0,1096.0,908.0,791.0,8.0,0.0,0.0,0.0,0.0,1.9,0.53,0.62,146.0,0.03,434.0,0.0,0.0,0.0,64.1,61.8,0.0,0.0,0.0,0.0,0.0,0.922,0.0,0.159,0.0,120.0,0.0,0.0,5.48,0.159,1,0,0.0,7.0,0.0,0.0,0.0,0.0,0.0,0.0,0.0,1.0,24.0,Sprint of large group,0.0,1.0,🟢  Plat/Sprint,0
2024-09-01,2024,in-the-footsteps-of-the-romans,stage,2.0,Team Novo Nordisk Development,2.2,,,0.0,,,,,,,0,0.0,21.0,20.0,0.0,0.0,2.0,135.74,1368.0,1447.0,911.0,705.0,1.0,3.0,0.0,0.0,0.0,1.9,0.57,1.0,145.0,-0.32,418.0,0.0,0.0,0.0,41.6,94.0,0.0,0.0,0.0,0.0,0.7574,0.9997,0.0,0.242,0.0,134.0,0.0,0.0,1.38,0.242,1,0,0.0,7.0,0.0,0.0,0.0,0.0,0.0,0.0,0.0,1.0,21.0,-,0.2,1.0,🟢  Plat/Sprint,0
2025-02-06,2025,vuelta-a-la-comunidad-valenciana,stage,2.0,Team Novo Nordisk,2.Pro,,,0.0,,,,,,,0,0.0,0.0,0.0,0.0,0.0,2.0,165.73,3312.0,2514.0,1033.0,2.0,5.0,0.0,2.0,0.0,1.0,12.1,10.13,8.72,379.0,-0.35,765.0,0.0,0.0,0.0,4.24,161.0,0.0,3.11,0.9999,0.9999,0.9999,0.9999,0.9999,0.0,0.0,102.0,0.0,60.5,0.0,0.0,1,0,0.0,20.0,0.0,0.0,0.0,0.0,0.0,0.0,0.0,499.0,13.0,0.5 km solo,0.0,3.0,🏔️  Haute montagne,0
2025-02-07,2025,vuelta-a-la-comunidad-valenciana,stage,3.0,Team Novo Nordisk,2.Pro,,,0.0,,,,,,,0,0.0,0.0,0.0,0.0,0.0,3.0,180.73,2974.0,2039.0,1091.0,21.0,3.0,1.0,0.0,1.0,1.0,5.0,-0.17,-0.02,95.0,0.4,428.0,0.0,0.0,0.0,15.1,166.0,0.0,0.181,0.9568,0.9568,0.9568,0.9986,0.5594,0.0,0.0,116.0,0.0,63.5,0.764,0.0,1,0,0.0,20.0,0.0,0.0,0.0,0.0,0.0,0.0,0.0,499.0,14.0,17 km solo,0.6,2.0,⛰️  Moy. montagne,0
2025-02-08,2025,vuelta-a-la-comunidad-valenciana,stage,4.0,Team Novo Nordisk,2.Pro,,,0.0,,,,,,,0,0.0,0.0,0.0,0.0,0.0,4.0,181.4,3589.0,2520.0,1512.0,3.0,7.0,1.0,1.0,0.0,1.0,3.7,1.5,-0.18,76.0,1.2,1006.0,0.28,0.0,4.52,2.98,174.0,0.0,0.0,0.8344,0.8344,0.8344,0.9386,0.8344,0.0,0.0,150.0,0.0,30.5,0.675,0.0,1,0,0.0,20.0,0.0,0.0,0.0,0.0,0.0,0.0,0.0,499.0,10.0,0.4 km solo,0.6,2.0,⛰️  Moy. montagne,0
2025-02-09,2025,vuelta-a-la-comunidad-valenciana,stage,5.0,Team Novo Nordisk,2.Pro,,,0.0,,,,,,,0,0.0,0.0,0.0,0.0,0.0,5.0,104.13,80.0,85.0,15.0,0.0,0.0,0.0,0.0,0.0,0.0,-0.2,-0.07,0.0,4.0,-0.01,52.0,0.0,4.47,0.0,11.2,86.5,0.0,0.0,0.0,0.0,0.0,0.0,0.0,0.0,7.02,54.5,0.0,39.4,2.49,1.35,1,0,0.0,20.0,0.0,0.0,0.0,0.0,0.0,0.0,0.0,499.0,16.0,Sprint of large group,0.0,1.0,🟢  Plat/Sprint,0
2025-02-14,2025,tour-cycliste-international-la-provence,stage,1.0,Team Novo Nordisk,2.1,,,0.0,,,,,,,0,0.0,0.0,0.0,0.0,0.0,1.0,169.95,2615.0,2683.0,744.0,34.0,3.0,3.0,1.0,1.0,0.0,-0.7,-1.13,-1.14,9.0,1.02,1256.0,0.184,0.0,0.0,2.68,166.0,0.0,0.869,0.5614,0.5614,0.8522,0.8522,0.0,0.417,0.0,137.0,0.0,30.3,0.718,0.417,1,0,0.0,14.0,0.0,0.0,0.0,0.0,0.0,0.0,0.0,194.0,9.0,Sprint of small group,0.6,2.0,⛰️  Moy. montagne,0
2025-02-15,2025,tour-cycliste-international-la-provence,stage,2.0,Team Novo Nordisk,2.1,,,0.0,,,,,,,0,0.0,0.0,0.0,0.0,0.0,2.0,167.59,2430.0,2472.0,866.0,328.0,5.0,1.0,2.0,0.0,0.0,4.0,1.93,0.12,98.0,0.64,852.0,0.0,0.0,0.0,0.0,167.0,0.0,1.55,0.0,0.8299,0.8299,0.9069,0.0,0.32,0.0,149.0,0.0,15.7,1.1,0.406,1,0,0.0,14.0,0.0,0.0,0.0,0.0,0.0,0.0,0.0,194.0,10.0,Sprint à deux,0.6,2.0,⛰️  Moy. montagne,0
2025-02-16,2025,tour-cycliste-international-la-provence,stage,3.0,Team Novo Nordisk,2.1,,,0.0,,,,,,,0,0.0,0.0,0.0,0.0,0.0,3.0,189.52,537.0,558.0,188.0,-1.0,0.0,1.0,0.0,0.0,0.0,1.0,-0.2,-0.26,29.0,0.3,353.0,0.0,0.862,0.0,0.37,188.0,0.0,3.14,0.0,0.0,0.3159,0.3159,0.0,0.0,0.862,155.0,0.0,27.7,2.46,0.0,1,0,0.0,14.0,0.0,0.0,0.0,0.0,0.0,0.0,0.0,194.0,13.0,Sprint of large group,0.0,1.0,🟢  Plat/Sprint,0
2025-03-01,2025,south-aegean-tour,stage,1.0,Team Novo Nordisk Development,2.2,,,0.0,,,,,,,0,0.0,0.0,0.0,0.0,0.0,1.0,180.3,1924.0,1827.0,244.0,4.0,3.0,3.0,0.0,0.0,0.0,5.2,2.27,1.62,146.0,0.0,597.0,0.0,0.0,0.0,0.321,180.0,0.0,0.0,0.0,0.0,0.8362,0.9998,0.0,0.0,0.0,114.0,0.0,65.7,0.547,0.0,1,0,0.0,7.0,0.0,0.0,0.0,0.0,0.0,0.0,0.0,12.0,17.0,-,0.0,2.0,⛰️  Moy. montagne,0
2025-03-02,2025,south-aegean-tour,stage,2.0,Team Novo Nordisk Development,2.2,,,0.0,,,,,,,0,0.0,0.0,0.0,0.0,0.0,2.0,161.37,2070.0,1867.0,243.0,7.0,1.0,6.0,0.0,0.0,0.0,5.0,2.93,0.4,140.0,0.24,554.0,0.0,1.73,0.0,0.0,160.0,0.0,0.0,0.0,0.0,0.9595,0.9997,0.0,0.0,1.73,155.0,0.0,4.32,0.541,0.451,1,0,0.0,7.0,0.0,0.0,0.0,0.0,0.0,0.0,0.0,12.0,17.0,-,0.0,2.0,⛰️  Moy. montagne,0
2025-03-04,2025,gp-samyn,result,,Team Novo Nordisk,1.1,,,0.0,,,,,,,0,15.0,15.0,0.0,0.0,0.0,,198.32,1080.0,1023.0,136.0,17.0,3.0,0.0,0.0,0.0,0.0,3.1,1.5,0.5,187.0,0.03,200.0,14.6,0.409,0.0,43.8,136.0,0.0,35.7,0.0,0.0,0.0,0.8567,0.0,2.15,0.0,131.0,0.585,7.61,18.3,3.25,1,0,0.0,125.0,5.65,0.0,2.012,0.0,1.035,0.0,0.0,256.0,12.0,Sprint of small group,0.0,1.0,🟢  Plat/Sprint,0
2025-03-08,2025,rhodes-gp,result,,Team Novo Nordisk Development,1.2,,,0.0,,,,,,,0,0.0,0.0,0.0,0.0,0.0,,,,,,,0.0,0.0,0.0,0.0,0.0,,,,,,,,,,,,,,,,,,,,,,,,,,1,0,0.0,,,,,,,,,21.0,18.0,-,,,,0
2025-03-13,2025,tour-of-rhodes,prologue,,Team Novo Nordisk Development,2.2,FIN,81.0,0.0,84.0,0.0,,,,,1,0.0,0.0,0.0,0.0,0.0,,5.19,17.0,17.0,15.0,6.0,0.0,0.0,0.0,0.0,0.0,-0.4,0.03,0.04,17.0,0.0,17.0,0.0,0.0,0.0,0.0,5.1,0.0,0.0,0.0,0.0,0.0,0.0,0.0,0.0,0.0,5.1,0.0,0.0,0.0,0.0,1,0,0.0,7.0,0.0,0.0,0.0,0.0,0.0,0.0,0.0,,,,0.0,0.0,⏱️  CLM,0
2025-03-14,2025,tour-of-rhodes,stage,1.0,Team Novo Nordisk Development,2.2,FIN,82.0,0.0,84.0,0.0,,,,,1,0.0,0.0,0.0,0.0,0.0,1.0,148.33,2057.0,2062.0,539.0,0.0,3.0,0.0,2.0,0.0,0.0,-0.2,-0.1,0.02,28.0,0.87,683.0,0.0,0.0,0.0,0.0,148.0,0.0,0.0,0.0,0.5866,0.5866,0.9152,0.0,0.0,0.0,144.0,0.0,4.29,0.0,0.0,1,1,5.19,7.0,0.0,0.0,0.0,0.0,0.0,0.0,0.0,24.0,22.0,Sprint of large group,0.0,2.0,⛰️  Moy. montagne,0
2025-03-15,2025,tour-of-rhodes,stage,2.0,Team Novo Nordisk Development,2.2,FIN,53.0,0.0,84.0,0.0,,,,,1,0.0,0.0,0.0,0.0,0.0,2.0,158.46,2114.0,2112.0,536.0,-1.0,3.0,2.0,1.0,0.0,0.0,5.9,2.27,1.52,162.0,-0.13,572.0,0.0,0.0,0.0,0.163,158.0,0.0,0.0,0.0,0.4177,0.8171,0.8171,0.0,0.0,0.0,105.0,0.0,54.0,0.0,0.0,0,2,153.52,7.0,0.0,0.0,0.0,0.0,0.0,0.0,0.0,24.0,22.0,Sprint of small group,0.0,2.0,⛰️  Moy. montagne,0
2025-03-16,2025,tour-de-taiwan,stage,1.0,Team Novo Nordisk,2.1,,,0.0,,,,,,,0,0.0,3.0,3.0,0.0,0.0,1.0,83.4,688.0,688.0,27.0,7.0,0.0,0.0,0.0,0.0,0.0,1.0,0.13,0.08,299.0,-0.01,409.0,4.96,0.0,0.0,5.77,60.0,0.0,10.4,0.0,0.0,0.0,0.0,0.0,6.94,9.6,56.1,0.0,1.77,0.611,14.6,0,3,311.98,14.0,4.53,0.0,1.812,0.0,0.906,0.0,0.0,47.0,14.0,Sprint of large group,3.0,1.0,🟢  Plat/Sprint,0
2025-03-16,2025,tour-of-rhodes,stage,3.0,Team Novo Nordisk Development,2.2,FIN,86.0,0.0,84.0,0.0,,,,,1,0.0,0.0,0.0,0.0,0.0,3.0,156.69,2448.0,2475.0,687.0,7.0,6.0,2.0,0.0,1.0,0.0,0.2,-0.13,-0.1,42.0,0.54,910.0,0.0,0.0,0.0,0.673,156.0,0.0,0.0,0.7245,0.7245,0.7245,0.8532,0.0,0.0,0.0,125.0,0.0,32.0,0.0,0.0,0,3,311.98,7.0,0.0,0.0,0.0,0.0,0.0,0.0,0.0,24.0,24.0,-,0.0,2.0,⛰️  Moy. montagne,0
2025-03-17,2025,tour-de-taiwan,stage,2.0,Team Novo Nordisk,2.1,,,0.0,,,,,,,0,0.0,3.0,3.0,0.0,0.0,2.0,123.42,1195.0,832.0,453.0,2.0,1.0,1.0,1.0,0.0,0.0,-0.7,0.17,2.26,127.0,-0.15,126.0,0.0,0.0,0.0,12.3,110.0,0.0,5.4,0.0,0.9761,0.9761,0.9761,0.0,0.682,0.0,33.6,0.0,82.1,2.03,1.25,0,4,468.67,14.0,0.0,0.0,0.0,0.0,0.0,0.0,0.0,47.0,13.0,Sprint of 3 riders,3.0,1.0,🟢  Plat/Sprint,0
2025-03-18,2025,tour-de-taiwan,stage,3.0,Team Novo Nordisk,2.1,,,0.0,,,,,,,0,0.0,3.0,3.0,0.0,0.0,3.0,153.48,2400.0,2147.0,770.0,41.0,2.0,2.0,1.0,1.0,0.0,-1.2,-0.97,-0.94,145.0,0.1,502.0,0.259,0.0,0.0,0.713,152.0,0.0,6.54,0.5216,0.9229,0.9229,0.9229,0.0,0.0,0.0,69.8,0.0,76.2,0.797,0.0,0,4,468.67,14.0,0.0,0.0,0.0,0.0,0.0,0.0,0.0,47.0,15.0,Sprint of 19 riders,0.6,2.0,⛰️  Moy. montagne,0
2025-03-19,2025,tour-de-taiwan,stage,4.0,Team Novo Nordisk,2.1,,,0.0,,,,,,,0,0.0,3.0,3.0,0.0,0.0,4.0,147.38,1316.0,1337.0,635.0,11.0,0.0,0.0,1.0,0.0,0.0,-0.5,-0.2,-0.28,156.0,0.6,461.0,0.0,0.0,0.0,1.37,146.0,0.0,5.3,0.0,0.5,0.5,0.5,0.0,0.381,0.255,23.3,0.0,117.0,1.03,0.41,0,4,468.67,14.0,0.0,0.0,0.0,0.0,0.0,0.0,0.0,47.0,20.0,Sprint of large group,3.0,1.0,🟢  Plat/Sprint,0
2025-03-20,2025,tour-de-taiwan,stage,5.0,Team Novo Nordisk,2.1,,,0.0,,,,,,,0,0.0,3.0,3.0,0.0,0.0,5.0,122.57,351.0,370.0,161.0,8.0,1.0,0.0,0.0,0.0,0.0,-0.1,-0.27,-0.04,93.0,-0.04,204.0,0.0,0.0,0.0,2.55,119.0,0.0,0.246,0.0,0.0,0.0,0.2157,0.0,0.197,0.0,42.5,0.0,77.9,1.59,0.279,0,4,468.67,14.0,0.0,0.0,0.0,0.0,0.0,0.0,0.0,47.0,22.0,Sprint of large group,3.0,1.0,🟢  Plat/Sprint,0
2025-03-21,2025,bredene-koksijde-classic,result,,Team Novo Nordisk,1.Pro,,,0.0,,,,,,,0,5.0,5.0,0.0,0.0,0.0,,200.29,866.0,854.0,158.0,-3.0,2.0,1.0,0.0,0.0,0.0,0.1,0.17,0.1,38.0,0.01,69.0,2.14,0.0,0.0,56.6,141.0,0.0,50.0,0.0,0.0,0.3604,0.4769,0.0,0.224,0.0,111.0,0.0,2.85,9.08,1.12,1,4,468.67,200.0,0.325,0.0,0.0,0.0,0.0,0.0,0.0,213.0,18.0,Sprint of 26 riders,3.0,1.0,🟢  Plat/Sprint,0
2025-03-23,2025,cholet-pays-de-loire,result,,Team Novo Nordisk,1.1,,,0.0,,,,,,,0,5.0,5.0,0.0,0.0,0.0,,208.76,1760.0,1810.0,191.0,51.0,2.0,0.0,0.0,0.0,0.0,0.7,-0.23,0.12,82.0,0.05,463.0,0.0,0.585,0.0,42.5,164.0,0.887,19.9,0.0,0.0,0.0,0.5598,0.0,2.0,0.321,159.0,0.471,4.01,23.3,2.75,1,4,468.67,125.0,0.0,0.0,0.0,0.0,0.0,0.0,0.0,119.0,10.0,Sprint of 3 riders,1.0,1.0,🟢  Plat/Sprint,0
2025-04-02,2025,tour-of-hellas,stage,1.0,Team Novo Nordisk,2.1,FIN,104.0,0.0,78.0,0.0,,,,,1,0.0,0.0,0.0,0.0,0.0,1.0,140.76,1422.0,1343.0,303.0,0.0,3.0,2.0,0.0,0.0,0.0,2.8,1.27,0.42,164.0,-0.02,440.0,0.0,0.82,0.0,1.07,138.0,0.0,0.0,0.0,0.0,0.8197,0.8197,0.0,0.55,0.516,84.3,0.0,54.6,1.03,0.55,0,4,468.67,14.0,0.0,0.0,0.0,0.0,0.0,0.0,0.0,80.0,18.0,Sprint of large group,2.0,1.0,🟢  Plat/Sprint,0
2025-04-02,2025,paris-camembert,result,,Team Novo Nordisk,1.1,,,0.0,,,,,,,0,35.0,35.0,0.0,0.0,0.0,,199.63,1716.0,1769.0,249.0,45.0,8.0,1.0,0.0,0.0,0.0,0.2,-0.23,-0.18,83.0,0.09,279.0,0.159,0.0,0.0,26.8,173.0,0.0,0.0,0.0,0.0,0.6676,0.9416,0.0,0.0,0.0,149.0,0.0,49.9,1.23,0.0,1,4,468.67,125.0,0.0,0.0,0.0,0.0,0.0,0.0,0.0,94.0,13.0,Sprint of small group,0.0,2.0,⛰️  Moy. montagne,0
2025-04-03,2025,tour-of-hellas,stage,2.0,Team Novo Nordisk,2.1,FIN,63.0,0.0,78.0,0.0,,,,,1,0.0,0.0,0.0,0.0,0.0,2.0,177.56,3022.0,2143.0,922.0,0.0,3.0,1.0,2.0,0.0,1.0,3.0,4.1,3.98,564.0,0.16,751.0,0.0,0.0,0.0,0.127,177.0,0.0,0.0,0.9997,0.9997,0.9997,0.9997,0.9997,0.451,0.0,46.4,0.0,130.0,0.859,0.451,0,5,609.4300000000001,14.0,0.0,0.0,0.0,0.0,0.0,0.0,0.0,80.0,17.0,Sprint à deux,0.0,3.0,🏔️  Haute montagne,0
2025-04-04,2025,tour-of-hellas,stage,3.0,Team Novo Nordisk,2.1,NR,,0.0,78.0,0.0,,,,,1,0.0,0.0,0.0,0.0,0.0,3.0,,,,,,0.0,0.0,0.0,0.0,0.0,,,,,,,,,,,,,,,,,,,,,,,,,,0,6,786.99,,,,,,,,,80.0,15.0,-,,,,0
2025-04-04,2025,route-adelie-de-vitre,result,,Team Novo Nordisk,1.1,,,0.0,,,,,,,0,50.0,50.0,0.0,0.0,0.0,,174.47,1892.0,1871.0,121.0,65.0,0.0,0.0,0.0,0.0,0.0,-0.1,-0.17,-0.42,226.0,0.05,525.0,0.0,0.0,0.0,27.1,147.0,0.0,8.32,0.0,0.0,0.0,0.0,0.0,0.0,0.0,145.0,0.0,15.3,6.17,0.0,1,6,786.99,125.0,0.0,0.0,0.0,0.0,0.0,0.0,0.0,108.0,19.0,Sprint of small group,2.0,1.0,🟢  Plat/Sprint,0
2025-04-05,2025,tour-of-hellas,stage,4.0,Team Novo Nordisk,2.1,FIN,82.0,0.0,78.0,0.0,,,,,1,0.0,0.0,0.0,0.0,0.0,4.0,187.23,3501.0,3275.0,1013.0,1.0,3.0,0.0,0.0,1.0,2.0,1.7,0.47,-0.44,28.0,0.57,1292.0,0.0,0.0,0.0,0.222,186.0,0.102,0.0,0.9168,0.9168,0.9168,0.9168,0.5336,0.714,0.0,158.0,0.0,27.6,1.03,0.816,0,7,786.99,14.0,0.0,0.0,0.0,0.0,0.0,0.0,0.0,80.0,14.0,Sprint of small group,0.0,3.0,🏔️  Haute montagne,0
2025-04-06,2025,tour-of-hellas,stage,5.0,Team Novo Nordisk,2.1,FIN,70.0,0.0,78.0,0.0,,,,,1,0.0,0.0,0.0,0.0,0.0,5.0,155.76,1515.0,1505.0,195.0,-4.0,1.0,1.0,0.0,0.0,0.0,1.7,-0.6,0.24,126.0,-0.13,359.0,0.0,0.0,0.0,0.0,155.0,0.0,0.0,0.0,0.0,0.1952,0.7227,0.0,0.877,0.208,37.4,0.0,117.0,0.0,0.877,0,8,974.22,14.0,0.0,0.0,0.0,0.0,0.0,0.0,0.0,80.0,18.0,Sprint of large group,12.0,1.0,🟢  Plat/Sprint,0
2025-04-08,2025,region-pays-de-la-loire,stage,1.0,Team Novo Nordisk,2.1,,,0.0,,,,,,,0,0.0,10.0,10.0,0.0,0.0,1.0,209.08,1499.0,1502.0,99.0,0.0,1.0,0.0,0.0,0.0,0.0,-0.5,-0.07,-0.36,114.0,0.03,415.0,0.0,0.0,0.0,10.1,198.0,0.0,13.0,0.0,0.0,0.0,0.4964,0.0,0.912,0.0,180.0,0.0,0.215,15.0,1.47,1,9,1129.98,14.0,0.0,0.0,0.0,0.0,0.0,0.0,0.0,113.0,18.0,Sprint of large group,12.0,1.0,🟢  Plat/Sprint,0
2025-04-09,2025,region-pays-de-la-loire,stage,2.0,Team Novo Nordisk,2.1,,,0.0,,,,,,,0,0.0,10.0,10.0,0.0,0.0,2.0,156.3,1824.0,1776.0,114.0,24.0,1.0,0.0,0.0,0.0,0.0,3.8,0.47,1.24,218.0,-0.01,399.0,0.0,0.0,0.0,25.1,131.0,0.0,5.53,0.0,0.0,0.0,0.5307,0.0,0.0,0.0,143.0,0.0,0.768,7.3,0.0,1,9,1129.98,14.0,0.0,0.0,0.0,0.0,0.0,0.0,0.0,113.0,17.0,Sprint of 3 riders,11.0,1.0,🟢  Plat/Sprint,0
2025-04-10,2025,region-pays-de-la-loire,stage,3.0,Team Novo Nordisk,2.1,,,0.0,,,,,,,0,0.0,10.0,10.0,0.0,0.0,3.0,166.07,1453.0,1228.0,262.0,23.0,1.0,4.0,0.0,0.0,0.0,6.9,4.03,2.48,305.0,0.07,296.0,0.0,0.0,0.0,42.8,123.0,0.0,0.0,0.0,0.0,0.8936,0.9995,0.0,0.0,0.0,165.0,0.0,0.106,0.784,0.0,1,9,1129.98,14.0,0.0,0.0,0.0,0.0,0.0,0.0,0.0,113.0,16.0,Sprint of small group,10.0,1.0,🟢  Plat/Sprint,0
2025-04-11,2025,region-pays-de-la-loire,stage,4.0,Team Novo Nordisk,2.1,,,0.0,,,,,,,0,0.0,10.0,10.0,0.0,0.0,4.0,186.88,2363.0,2464.0,337.0,46.0,6.0,1.0,0.0,0.0,0.0,0.1,-1.0,-0.54,121.0,-0.06,648.0,0.0,0.0,0.0,10.3,176.0,0.0,12.5,0.0,0.0,0.2351,0.3959,0.0,0.0,0.18,127.0,0.0,24.5,22.5,0.0,1,9,1129.98,14.0,0.0,0.0,0.0,0.0,0.0,0.0,0.0,113.0,18.0,Sprint of small group,7.0,2.0,⛰️  Moy. montagne,0
2025-04-16,2025,ronde-van-limburg,result,,Team Novo Nordisk,1.1,,,0.0,,,,,,,0,0.0,0.0,0.0,0.0,0.0,,178.93,1252.0,1209.0,123.0,36.0,3.0,0.0,0.0,0.0,0.0,1.5,0.2,-0.02,196.0,0.08,413.0,9.59,0.0,0.116,67.7,98.5,0.0,65.8,0.0,0.0,0.0,0.963,0.0,3.56,2.58,65.0,0.0,15.5,18.6,3.75,0,5,661.31,125.0,3.042,0.0,2.082,0.0,0.0,0.0,0.0,156.0,11.0,Sprint of large group,10.0,1.0,🟢  Plat/Sprint,0
2025-04-18,2025,brabantse-pijl,result,,Team Novo Nordisk,1.Pro,,,0.0,,,,,,,0,5.0,5.0,0.0,0.0,0.0,,162.34,1677.0,1606.0,132.0,23.0,1.0,0.0,0.0,0.0,0.0,3.6,1.93,1.2,184.0,0.09,480.0,4.01,0.0,0.0,89.8,68.5,0.0,95.5,0.0,0.0,0.0,0.4096,0.0,0.0,0.0,45.9,0.0,6.29,11.6,0.0,1,5,661.31,200.0,1.054,0.0,0.385,0.0,0.059,0.0,0.0,398.0,16.0,Sprint à deux,0.0,1.0,🟢  Plat/Sprint,0
2025-04-23,2025,tour-of-the-gila,stage,1.0,Team Novo Nordisk Development,2.2,FIN,69.0,0.0,61.0,0.0,,,,,1,0.0,0.0,0.0,0.0,0.0,1.0,25.98,381.0,378.0,1922.0,1734.0,1.0,1.0,0.0,0.0,0.0,-1.3,-2.27,-2.44,255.0,0.01,381.0,0.0,0.0,0.0,25.8,0.0,0.0,0.0,0.0,0.0,0.7738,0.7738,0.0,0.0,0.0,0.0,0.0,25.8,0.0,0.0,1,5,661.31,7.0,0.0,0.0,0.0,0.0,0.0,0.0,0.0,4.0,,Time trial,0.2,1.0,🟢  Plat/Sprint,0
2025-04-24,2025,tour-of-the-gila,stage,2.0,Team Novo Nordisk Development,2.2,FIN,58.0,0.0,61.0,0.0,,,,,1,0.0,0.0,0.0,0.0,0.0,2.0,147.83,1604.0,1390.0,2077.0,1357.0,0.0,1.0,0.0,1.0,0.0,8.6,8.27,7.7,334.0,-0.89,221.0,0.0,0.0,0.0,11.0,137.0,0.0,0.0,0.9996,0.9996,0.9996,0.9996,0.0,0.0,0.0,31.3,0.0,117.0,0.0,0.0,1,6,687.29,7.0,0.0,0.0,0.0,0.0,0.0,0.0,0.0,4.0,,-,0.0,3.0,🏔️  Haute montagne,0
2025-04-25,2025,tour-of-the-gila,stage,3.0,Team Novo Nordisk Development,2.2,FIN,48.0,0.0,61.0,0.0,,,,,1,0.0,0.0,0.0,0.0,0.0,3.0,122.3,1653.0,1655.0,2277.0,1759.0,3.0,2.0,1.0,0.0,0.0,2.3,1.73,1.62,86.0,-0.15,854.0,0.0,0.0,0.0,0.692,122.0,0.0,0.0,0.0,0.2486,0.8702,0.9997,0.0,0.0,0.0,110.0,0.0,11.9,0.0,0.0,1,7,835.12,7.0,0.0,0.0,0.0,0.0,0.0,0.0,0.0,4.0,,-,0.0,2.0,⛰️  Moy. montagne,0
2025-04-26,2025,tour-of-the-gila,stage,4.0,Team Novo Nordisk Development,2.2,FIN,72.0,0.0,61.0,0.0,,,,,1,0.0,0.0,0.0,0.0,0.0,4.0,70.7,880.0,880.0,1807.0,1791.0,0.0,0.0,0.0,0.0,0.0,-0.8,-0.2,-0.06,572.0,0.02,624.0,0.0,0.0,0.0,14.7,56.0,0.0,0.0,0.0,0.0,0.0,0.0,0.0,0.0,0.0,56.0,0.0,0.0,14.7,0.0,1,8,957.42,7.0,0.0,0.0,0.0,0.0,0.0,0.0,0.0,4.0,,-,0.2,1.0,🟢  Plat/Sprint,0
2025-04-27,2025,tour-of-the-gila,stage,5.0,Team Novo Nordisk Development,2.2,FIN,64.0,0.0,61.0,0.0,,,,,1,0.0,0.0,0.0,0.0,0.0,5.0,109.66,1623.0,1301.0,2279.0,1761.0,1.0,2.0,1.0,0.0,0.0,4.3,3.1,1.8,156.0,0.15,652.0,0.0,0.0,0.0,1.08,109.0,0.0,0.0,0.0,0.8067,0.8067,0.9996,0.0,0.0,0.0,97.0,0.0,11.6,1.08,0.0,1,9,1028.12,7.0,0.0,0.0,0.0,0.0,0.0,0.0,0.0,4.0,,-,0.0,2.0,⛰️  Moy. montagne,0
2025-04-27,2025,tour-of-turkey,stage,1.0,Team Novo Nordisk,2.Pro,,,0.0,,,,,,,0,0.0,0.0,0.0,0.0,0.0,1.0,131.87,426.0,427.0,60.0,-1.0,0.0,0.0,0.0,0.0,0.0,0.6,-0.17,0.06,144.0,-0.07,144.0,0.0,0.0,0.0,0.0,132.0,0.0,0.0,0.0,0.0,0.0,0.0,0.0,0.0,0.0,62.8,0.0,69.0,0.0,0.0,1,9,1028.12,20.0,0.0,0.0,0.0,0.0,0.0,0.0,0.0,134.0,20.0,Sprint of large group,1.0,1.0,🟢  Plat/Sprint,0
2025-04-28,2025,tour-of-turkey,stage,2.0,Team Novo Nordisk,2.Pro,,,0.0,,,,,,,0,0.0,0.0,0.0,0.0,0.0,2.0,166.82,2452.0,2368.0,642.0,-2.0,2.0,0.0,1.0,1.0,0.0,4.8,0.2,1.1,347.0,-0.01,824.0,0.0,0.372,0.0,1.4,165.0,0.0,1.13,0.6529,0.6529,0.6529,0.9836,0.0,0.493,0.419,0.998,0.0,164.0,0.673,0.541,1,10,1137.78,20.0,0.0,0.0,0.0,0.0,0.0,0.0,0.0,134.0,20.0,Sprint of large group,7.0,2.0,⛰️  Moy. montagne,0
2025-04-29,2025,tour-of-turkey,stage,3.0,Team Novo Nordisk,2.Pro,,,0.0,,,,,,,0,0.0,0.0,0.0,0.0,0.0,3.0,175.21,2500.0,2502.0,337.0,2.0,6.0,4.0,1.0,0.0,0.0,-0.3,-0.6,-2.68,342.0,0.05,806.0,1.49,0.0,0.0,0.0,173.0,0.0,0.0,0.0,0.2082,0.9348,0.9348,0.0,0.655,0.0,44.7,0.0,130.0,0.0,0.671,1,10,1137.78,20.0,1.502,0.0,0.052,0.0,0.052,0.0,0.0,134.0,21.0,Sprint of small group,7.0,2.0,⛰️  Moy. montagne,0
2025-04-30,2025,tour-of-turkey,stage,4.0,Team Novo Nordisk,2.Pro,,,0.0,,,,,,,0,0.0,0.0,0.0,0.0,0.0,4.0,114.79,2945.0,2054.0,944.0,8.0,3.0,1.0,0.0,0.0,2.0,9.0,9.1,9.84,492.0,1.21,1247.0,0.0,0.0,0.0,0.0,115.0,0.0,0.0,0.999,0.999,0.999,0.999,0.999,0.0,0.0,62.9,0.0,52.1,0.0,0.0,1,10,1137.78,20.0,0.0,0.0,0.0,0.0,0.0,0.0,0.0,134.0,16.0,2.3 km solo,0.0,3.0,🏔️  Haute montagne,0
2025-05-02,2025,tour-of-turkey,stage,6.0,Team Novo Nordisk,2.Pro,,,0.0,,,,,,,0,0.0,0.0,0.0,0.0,0.0,6.0,157.37,1667.0,1247.0,467.0,1.0,0.0,0.0,3.0,0.0,0.0,9.6,8.9,7.96,462.0,0.2,337.0,0.0,0.0,0.0,0.754,157.0,0.0,0.0,0.0,0.9992,0.9992,0.9992,0.0,0.0,0.0,67.6,0.0,89.2,0.906,0.0,0,10,1137.78,20.0,0.0,0.0,0.0,0.0,0.0,0.0,0.0,134.0,19.0,0.9 km solo,0.0,3.0,🏔️  Haute montagne,0
2025-05-03,2025,tour-of-turkey,stage,7.0,Team Novo Nordisk,2.Pro,,,0.0,,,,,,,0,0.0,0.0,0.0,0.0,0.0,7.0,143.65,1323.0,1318.0,264.0,-2.0,4.0,1.0,0.0,0.0,0.0,0.1,-0.67,-0.4,516.0,0.05,425.0,0.0,0.0,0.0,0.515,143.0,0.0,0.0,0.0,0.0,0.8823,0.9092,0.0,0.785,0.0,0.648,0.0,141.0,1.26,0.785,0,9,997.02,20.0,0.0,0.0,0.0,0.0,0.0,0.0,0.0,134.0,21.0,Sprint of large group,1.0,1.0,🟢  Plat/Sprint,0
2025-05-04,2025,tour-of-turkey,stage,8.0,Team Novo Nordisk,2.Pro,,,0.0,,,,,,,0,0.0,0.0,0.0,0.0,0.0,8.0,108.69,942.0,964.0,267.0,-6.0,0.0,2.0,0.0,0.0,0.0,-0.1,-0.13,0.02,86.0,0.08,610.0,0.0,0.0,0.0,1.02,104.0,0.0,2.73,0.0,0.0,0.3627,0.3627,0.0,4.04,0.213,27.6,0.0,73.3,1.02,3.4,0,8,819.46,20.0,0.0,0.0,0.0,0.0,0.0,0.0,0.0,134.0,23.0,Sprint of large group,1.0,1.0,🟢  Plat/Sprint,0
2025-05-14,2025,tour-de-hongrie,stage,1.0,Team Novo Nordisk,2.Pro,,,0.0,,,,,,,0,0.0,11.0,3.0,0.0,0.0,1.0,210.12,1255.0,1247.0,259.0,96.0,2.0,1.0,0.0,0.0,0.0,0.1,0.0,-0.06,43.0,0.15,348.0,0.0,0.0,0.0,0.765,209.0,0.0,2.88,0.0,0.0,0.7818,0.7818,0.0,0.408,0.314,160.0,0.0,43.0,3.35,0.538,1,5,476.47,20.0,0.0,0.0,0.0,0.0,0.0,0.0,0.0,123.0,20.0,Sprint of large group,1.0,1.0,🟢  Plat/Sprint,0
2025-05-15,2025,tour-de-hongrie,stage,2.0,Team Novo Nordisk,2.Pro,,,0.0,,,,,,,0,5.0,11.0,3.0,0.0,0.0,2.0,177.11,1276.0,1453.0,381.0,100.0,1.0,1.0,0.0,0.0,0.0,0.1,0.0,0.0,216.0,0.03,558.0,1.71,0.0,0.287,0.263,173.0,0.351,11.3,0.0,0.0,0.3406,0.9052,0.0,2.01,0.505,77.9,0.466,82.4,2.5,2.25,1,5,476.47,20.0,0.335,0.293,0.335,0.293,0.335,0.293,0.0,123.0,16.0,Sprint of large group,1.0,1.0,🟢  Plat/Sprint,0
2025-05-16,2025,tour-de-hongrie,stage,3.0,Team Novo Nordisk,2.Pro,,,0.0,,,,,,,0,0.0,11.0,3.0,0.0,0.0,3.0,162.34,1977.0,1214.0,989.0,104.0,1.0,0.0,1.0,0.0,1.0,7.4,7.93,6.5,575.0,-0.18,196.0,0.0,0.0,0.0,0.0,162.0,0.0,3.65,0.9995,0.9995,0.9995,0.9995,0.9995,0.0,0.0,92.4,0.0,66.1,0.312,0.0,1,5,476.47,20.0,0.0,0.0,0.0,0.0,0.0,0.0,0.0,123.0,14.0,1.9 km solo,0.0,3.0,🏔️  Haute montagne,0
2025-05-17,2025,tour-de-hongrie,stage,4.0,Team Novo Nordisk,2.Pro,,,0.0,,,,,,,0,0.0,11.0,3.0,0.0,0.0,4.0,153.19,992.0,1003.0,321.0,107.0,0.0,2.0,0.0,0.0,0.0,1.0,-0.27,0.1,127.0,0.19,397.0,0.294,0.0,0.0,7.12,146.0,0.101,6.74,0.0,0.0,0.5616,0.5616,0.0,0.0,0.321,135.0,0.136,1.87,9.56,0.103,1,5,476.47,20.0,0.0,0.0,0.0,0.0,0.0,0.0,0.0,123.0,16.0,Sprint of large group,1.0,1.0,🟢  Plat/Sprint,0
2025-05-18,2025,gran-premio-new-york-city,result,,Team Novo Nordisk Development,1.2,FIN,64.0,0.0,,,,,,,1,0.0,0.0,0.0,0.0,0.0,,135.57,1910.0,1819.0,256.0,0.0,6.0,2.0,0.0,0.0,0.0,2.9,1.83,1.72,142.0,0.01,704.0,0.0,0.0,0.0,13.2,121.0,0.0,2.04,0.0,0.0,0.5705,0.9998,0.0,1.43,0.137,81.2,0.0,38.7,12.2,1.36,1,5,476.47,40.0,0.0,0.0,0.0,0.0,0.0,0.0,0.0,13.0,,Sprint of 30 riders,0.0,2.0,⛰️  Moy. montagne,0
2025-05-18,2025,tour-de-hongrie,stage,5.0,Team Novo Nordisk,2.Pro,,,0.0,,,,,,,0,3.0,11.0,3.0,0.0,0.0,5.0,168.89,1931.0,1956.0,385.0,103.0,5.0,3.0,0.0,0.0,0.0,2.5,1.1,0.52,88.0,0.32,587.0,3.39,0.0,0.123,0.0,166.0,0.0,2.39,0.0,0.0,0.581,0.7286,0.0,0.0,0.0,108.0,0.121,54.0,4.82,0.0,1,5,476.47,20.0,3.197,0.0,3.197,0.0,2.131,0.0,0.0,123.0,13.0,Sprint of 5 riders,7.0,2.0,⛰️  Moy. montagne,0
2025-05-30,2025,tour-of-estonia,stage,1.0,Team Novo Nordisk,2.1,,,0.0,,,,,,,0,0.0,40.0,40.0,0.0,0.0,1.0,195.63,769.0,742.0,114.0,36.0,0.0,0.0,0.0,0.0,0.0,3.2,0.63,0.44,54.0,0.07,185.0,0.325,0.981,0.0,1.88,192.0,0.0,0.0,0.0,0.0,0.0,0.0,0.0,0.319,0.0,187.0,0.0,2.87,5.35,0.371,1,1,135.57,14.0,0.0,0.0,0.0,0.0,0.0,0.0,0.0,31.0,,-,1.0,1.0,🟢  Plat/Sprint,0
2025-05-31,2025,tour-of-estonia,stage,2.0,Team Novo Nordisk,2.1,,,0.0,,,,,,,0,0.0,40.0,40.0,0.0,0.0,2.0,163.98,1088.0,1089.0,69.0,35.0,0.0,0.0,0.0,0.0,0.0,0.0,-0.5,-0.28,57.0,0.0,338.0,8.43,0.0,0.368,19.9,131.0,0.0,5.8,0.0,0.0,0.0,0.0,0.0,4.08,9.47,69.8,0.0,0.0,75.5,4.47,1,1,135.57,14.0,2.49,0.017,1.105,0.007,0.553,0.003,0.0,31.0,,-,1.0,1.0,🟢  Plat/Sprint,0
2025-06-04,2025,tour-of-lithuania,stage,1.0,Team Novo Nordisk Development,2.2,,,0.0,,,,,,,0,0.0,0.0,0.0,0.0,0.0,1.0,179.5,680.0,680.0,33.0,2.0,0.0,0.0,0.0,0.0,0.0,-0.1,-0.07,-0.16,68.0,0.01,195.0,4.31,0.0,0.0,0.156,174.0,0.0,0.156,0.0,0.0,0.0,0.0,0.0,0.0,4.31,95.9,0.0,78.1,1.16,0.979,1,1,135.57,7.0,1.366,0.0,0.683,0.0,0.0,0.0,0.0,14.0,,Sprint of large group,0.2,1.0,🟢  Plat/Sprint,0
2025-06-05,2025,tour-of-lithuania,stage,2.0,Team Novo Nordisk Development,2.2,,,0.0,,,,,,,0,0.0,0.0,0.0,0.0,0.0,2.0,172.12,641.0,629.0,58.0,5.0,0.0,0.0,0.0,0.0,0.0,1.1,0.37,0.12,76.0,0.02,201.0,0.109,0.0,0.0,2.17,169.0,0.0,1.1,0.0,0.0,0.0,0.0,0.0,0.0,0.0,77.5,0.0,90.3,3.61,0.922,1,1,135.57,7.0,0.0,0.0,0.0,0.0,0.0,0.0,0.0,14.0,,-,0.2,1.0,🟢  Plat/Sprint,0
2025-06-06,2025,tour-of-lithuania,stage,3.0,Team Novo Nordisk Development,2.2,,,0.0,,,,,,,0,0.0,0.0,0.0,0.0,0.0,3.0,157.11,313.0,327.0,93.0,24.0,0.0,0.0,0.0,0.0,0.0,-0.2,-0.43,-0.58,65.0,0.08,105.0,0.0,0.218,0.0,4.37,153.0,0.0,2.75,0.0,0.0,0.0,0.0,0.0,0.0,0.218,102.0,0.0,51.8,0.507,0.0,1,1,135.57,7.0,0.0,0.0,0.0,0.0,0.0,0.0,0.0,14.0,,-,0.0,1.0,🟢  Plat/Sprint,0
2025-06-07,2025,tour-of-lithuania,stage,4.0,Team Novo Nordisk Development,2.2,,,0.0,,,,,,,0,0.0,0.0,0.0,0.0,0.0,4.0,157.07,863.0,866.0,216.0,91.0,2.0,0.0,0.0,0.0,0.0,0.4,-0.63,-0.86,111.0,0.13,312.0,0.0,0.335,0.0,0.0,157.0,0.0,0.255,0.0,0.0,0.0,0.9101,0.0,0.0,0.103,86.9,0.0,70.0,0.0,0.0,1,1,135.57,7.0,0.0,0.0,0.0,0.0,0.0,0.0,0.0,14.0,,-,0.0,1.0,🟢  Plat/Sprint,0
2025-06-08,2025,tour-of-lithuania,stage,5.0,Team Novo Nordisk Development,2.2,,,0.0,,,,,,,0,0.0,0.0,0.0,0.0,0.0,5.0,143.78,860.0,920.0,194.0,85.0,1.0,0.0,0.0,0.0,0.0,-0.4,-0.3,0.04,65.0,0.03,296.0,5.95,0.19,0.0,0.543,137.0,0.0,10.5,0.0,0.0,0.0,0.5255,0.0,0.549,0.477,99.0,0.12,25.4,3.01,0.885,1,1,135.57,7.0,6.174,0.0,6.09,0.0,2.951,0.0,0.0,14.0,,Sprint of large group,0.0,1.0,🟢  Plat/Sprint,0
2025-06-14,2025,dwars-door-het-hageland,result,,Team Novo Nordisk,1.Pro,,,0.0,,,,,,,0,30.0,30.0,0.0,0.0,0.0,,179.26,1328.0,1291.0,73.0,8.0,0.0,0.0,0.0,0.0,0.0,2.9,0.17,0.56,99.0,0.01,293.0,3.36,12.1,30.9,75.8,56.1,0.128,63.9,0.0,0.0,0.0,0.0,0.0,0.91,43.7,23.3,0.111,0.83,22.4,1.28,1,1,135.57,200.0,1.596,12.641,0.743,5.319,0.743,3.856,0.0,272.0,25.0,Sprint of small group,1.0,1.0,🟢  Plat/Sprint,0
2025-06-18,2025,tour-of-belgium,stage,1.0,Team Novo Nordisk,2.Pro,,,0.0,,,,,,,0,0.0,5.0,5.0,0.0,0.0,1.0,197.96,657.0,657.0,60.0,-3.0,0.0,0.0,0.0,0.0,0.0,0.6,0.37,0.32,35.0,0.01,238.0,12.1,1.74,0.0,67.5,116.0,0.0,76.5,0.0,0.0,0.0,0.0,0.0,0.0,1.34,55.4,0.588,0.589,19.5,1.45,1,0,0.0,20.0,4.371,0.0,1.71,0.0,0.951,0.0,0.0,300.0,25.0,Sprint of large group,7.0,1.0,🟢  Plat/Sprint,0
2025-06-19,2025,tour-of-belgium,stage,2.0,Team Novo Nordisk,2.Pro,,,0.0,,,,,,,0,0.0,5.0,5.0,0.0,0.0,2.0,194.15,477.0,494.0,44.0,5.0,0.0,0.0,0.0,0.0,0.0,0.7,0.3,0.18,25.0,-0.04,124.0,5.31,0.0,0.0,142.0,46.0,0.0,140.0,0.0,0.0,0.0,0.0,0.0,0.0,0.176,10.2,0.135,0.403,26.9,0.592,1,0,0.0,20.0,1.937,0.0,0.968,0.0,0.968,0.0,0.0,300.0,26.0,Sprint of large group,6.0,1.0,🟢  Plat/Sprint,0
2025-06-20,2025,tour-of-belgium,stage,3.0,Team Novo Nordisk,2.Pro,,,0.0,,,,,,,0,0.0,5.0,5.0,0.0,0.0,3.0,9.71,51.0,56.0,46.0,20.0,0.0,0.0,0.0,0.0,0.0,0.1,0.0,-0.1,51.0,-0.05,51.0,0.0,0.142,0.0,3.59,5.92,0.0,3.86,0.0,0.0,0.0,0.0,0.0,0.0,0.142,0.0,0.0,0.0,4.07,1.52,1,0,0.0,20.0,0.0,0.0,0.0,0.0,0.0,0.0,0.0,300.0,25.0,Time trial,6.0,1.0,🟢  Plat/Sprint,0
2025-06-21,2025,tour-of-belgium,stage,4.0,Team Novo Nordisk,2.Pro,,,0.0,,,,,,,0,0.0,5.0,5.0,0.0,0.0,4.0,172.87,2931.0,2873.0,326.0,119.0,7.0,5.0,0.0,0.0,0.0,6.3,0.27,-0.5,216.0,0.35,946.0,0.723,0.128,0.0,13.7,158.0,0.0,0.838,0.0,0.0,0.96,0.96,0.0,0.0,0.128,143.0,0.0,26.2,2.04,0.96,1,0,0.0,20.0,0.381,0.0,0.19,0.0,0.19,0.0,0.0,300.0,28.0,0.2 km solo,7.6,2.0,⛰️  Moy. montagne,0
2025-06-22,2025,tour-of-belgium,stage,5.0,Team Novo Nordisk,2.Pro,,,0.0,,,,,,,0,0.0,5.0,5.0,0.0,0.0,5.0,183.14,1182.0,1163.0,78.0,13.0,0.0,0.0,0.0,0.0,0.0,1.4,1.23,0.54,102.0,-0.03,327.0,0.141,0.0,0.0,115.0,68.4,0.0,121.0,0.0,0.0,0.0,0.0,0.0,0.0,0.0,35.9,0.0,0.0,8.16,18.6,1,0,0.0,20.0,0.0,0.0,0.0,0.0,0.0,0.0,0.0,300.0,26.0,Sprint of large group,6.0,1.0,🟢  Plat/Sprint,0
2025-06-26,2025,nc-great-britain-itt,result,,Team Novo Nordisk,NC,,,0.0,,,,,,,0,0.0,0.0,0.0,0.0,0.0,,,,,,,0.0,0.0,0.0,0.0,0.0,,,,,,,,,,,,,,,,,,,,,,,,,,0,0,0.0,,,,,,,,,27.0,,Time trial,,,,0
2025-06-27,2025,nc-denmark-itt,result,,Team Novo Nordisk Development,NC,,,0.0,,,,,,,0,0.0,0.0,0.0,0.0,0.0,,,,,,,0.0,0.0,0.0,0.0,0.0,,,,,,,,,,,,,,,,,,,,,,,,,,0,0,0.0,,,,,,,,,,,Time trial,,,,0
2025-06-27,2025,nc-belgium-itt,result,,Team Novo Nordisk,NC,,,0.0,,,,,,,0,0.0,0.0,0.0,0.0,0.0,,,,,,,0.0,0.0,0.0,0.0,0.0,,,,,,,,,,,,,,,,,,,,,,,,,,0,0,0.0,,,,,,,,,78.0,,Time trial,,,,0
2025-06-29,2025,nc-spain,result,,Team Novo Nordisk Development,NC,,,0.0,,,,,,,0,0.0,0.0,0.0,0.0,0.0,,144.38,2808.0,2808.0,1296.0,678.0,4.0,2.0,2.0,0.0,0.0,-1.0,-1.2,-1.22,54.0,0.51,1026.0,0.0,0.0,0.0,15.9,129.0,0.0,0.0,0.0,0.8046,0.8046,0.8046,0.0,0.0,0.0,133.0,0.0,3.77,7.65,0.0,0,0,0.0,100.0,0.0,0.0,0.0,0.0,0.0,0.0,0.0,151.0,,20 km solo,0.0,2.0,⛰️  Moy. montagne,0
2025-06-29,2025,ncgreat-britain,result,,Team Novo Nordisk,NC,,,0.0,,,,,,,0,0.0,0.0,0.0,0.0,0.0,,,,,,,0.0,0.0,0.0,0.0,0.0,,,,,,,,,,,,,,,,,,,,,,,,,,0,0,0.0,,,,,,,,,51.0,,12.2 km solo,,,,0
2025-06-29,2025,nc-estonia,result,,Team Novo Nordisk Development,NC,,,0.0,,,,,,,0,0.0,0.0,0.0,0.0,0.0,,,,,,,0.0,0.0,0.0,0.0,0.0,,,,,,,,,,,,,,,,,,,,,,,,,,0,0,0.0,,,,,,,,,,,-,,,,0
2025-06-29,2025,nc-belgium,result,,Team Novo Nordisk,NC,,,0.0,,,,,,,0,0.0,0.0,0.0,0.0,0.0,,249.57,1999.0,2001.0,277.0,58.0,1.0,1.0,0.0,0.0,0.0,1.6,0.27,0.14,92.0,0.21,478.0,11.5,7.61,0.0,42.9,185.0,0.0,33.3,0.0,0.0,0.2627,0.2627,0.0,1.93,8.28,103.0,0.0,62.0,40.8,2.45,0,0,0.0,100.0,3.489,0.0,1.737,0.0,0.638,0.0,0.0,388.0,,41.8 km solo,6.0,1.0,🟢  Plat/Sprint,0
2025-06-29,2025,nc-czech-republic2,result,,Team Novo Nordisk,NC,,,0.0,,,,,,,0,75.0,75.0,0.0,0.0,0.0,,,,,,,0.0,0.0,0.0,0.0,0.0,,,,,,,,,,,,,,,,,,,,,,,,,,1,0,0.0,,,,,,,,,,,-,,,,0
2025-06-29,2025,danish-championships,result,,Team Novo Nordisk Development,NC,,,0.0,,,,,,,0,0.0,0.0,0.0,0.0,0.0,,169.12,183.0,184.0,124.0,113.0,0.0,0.0,0.0,0.0,0.0,0.2,0.0,0.1,42.0,0.0,58.0,0.0,0.0,0.0,0.0,169.0,0.0,0.0,0.0,0.0,0.0,0.0,0.0,0.0,0.0,169.0,0.0,0.0,0.0,0.0,0,0,0.0,100.0,0.0,0.0,0.0,0.0,0.0,0.0,0.0,133.0,,10 km solo,0.0,1.0,🟢  Plat/Sprint,0
2025-06-29,2025,nc-italy,result,,Team Novo Nordisk,NC,,,0.0,,,,,,,0,0.0,0.0,0.0,0.0,0.0,,130.45,1472.0,1471.0,461.0,204.0,5.0,1.0,0.0,0.0,0.0,0.0,-1.87,-0.12,90.0,0.0,498.0,0.0,0.0,0.0,36.8,92.1,0.0,0.163,0.0,0.0,0.6585,0.6585,0.0,1.07,0.0,109.0,0.0,9.76,9.96,1.16,0,0,0.0,100.0,0.0,0.0,0.0,0.0,0.0,0.0,0.0,232.0,,Sprint of small group,0.0,1.0,🟢  Plat/Sprint,0
2025-06-29,2025,nc-france,result,,Team Novo Nordisk,NC,,,0.0,,,,,,,0,0.0,0.0,0.0,0.0,0.0,,,,,,,0.0,0.0,0.0,0.0,0.0,,,,,,,,,,,,,,,,,,,,,,,,,,0,0,0.0,,,,,,,,,298.0,,Sprint of small group,,,,0
2025-07-22,2025,memorial-andrzeja-trochanowskiego,result,,Team Novo Nordisk Development,1.2,,,0.0,,,,,,,0,0.0,0.0,0.0,0.0,0.0,,174.01,617.0,599.0,161.0,124.0,0.0,0.0,0.0,0.0,0.0,0.0,0.0,-0.02,18.0,0.05,186.0,0.0,0.0,0.0,0.488,173.0,0.0,0.554,0.0,0.0,0.0,0.0,0.0,0.736,0.0,169.0,0.0,4.06,0.0,0.0,1,0,0.0,40.0,0.0,0.0,0.0,0.0,0.0,0.0,0.0,8.0,,Sprint of large group,0.0,1.0,🟢  Plat/Sprint,0
2025-07-23,2025,dookola-mazowsza,stage,1.0,Team Novo Nordisk Development,2.2,,,0.0,,,,,,,0,0.0,0.0,0.0,0.0,0.0,1.0,168.34,266.0,267.0,95.0,82.0,0.0,0.0,0.0,0.0,0.0,-0.2,0.07,0.04,49.0,-0.0,80.0,18.8,0.0,0.0,0.0,150.0,0.0,18.8,0.0,0.0,0.0,0.0,0.0,0.0,0.0,150.0,0.0,0.0,0.0,0.0,1,0,0.0,7.0,7.107,0.0,2.411,0.0,2.411,0.0,0.0,8.0,,Sprint of small group,0.0,1.0,🟢  Plat/Sprint,0
2025-07-24,2025,dookola-mazowsza,stage,2.0,Team Novo Nordisk Development,2.2,,,0.0,,,,,,,0,0.0,0.0,0.0,0.0,0.0,2.0,166.21,560.0,559.0,152.0,106.0,0.0,0.0,0.0,0.0,0.0,-0.4,-0.37,-0.58,39.0,0.07,182.0,0.0,0.0,0.0,0.0,166.0,0.0,0.0,0.0,0.0,0.0,0.0,0.0,0.0,0.0,163.0,0.0,0.0,3.13,0.0,1,0,0.0,7.0,0.0,0.0,0.0,0.0,0.0,0.0,0.0,8.0,,Sprint of large group,0.0,1.0,🟢  Plat/Sprint,0
2025-07-25,2025,dookola-mazowsza,stage,3.0,Team Novo Nordisk Development,2.2,,,0.0,,,,,,,0,0.0,0.0,0.0,0.0,0.0,3.0,165.07,225.0,221.0,93.0,80.0,0.0,0.0,0.0,0.0,0.0,0.3,0.07,0.1,49.0,0.0,67.0,0.0,0.0,0.0,0.0,165.0,0.0,5.74,0.0,0.0,0.0,0.0,0.0,0.0,0.0,160.0,0.0,0.0,0.0,0.0,1,0,0.0,7.0,0.0,0.0,0.0,0.0,0.0,0.0,0.0,8.0,,-,0.0,1.0,🟢  Plat/Sprint,0
2025-07-26,2025,dookola-mazowsza,stage,4.0,Team Novo Nordisk Development,2.2,,,0.0,,,,,,,0,0.0,0.0,0.0,0.0,0.0,4.0,166.11,567.0,567.0,160.0,111.0,0.0,0.0,0.0,0.0,0.0,0.2,0.03,-0.14,116.0,0.06,181.0,0.198,0.191,0.0,15.2,149.0,0.0,0.0,0.0,0.0,0.0,0.0,0.0,0.732,0.198,85.0,0.191,68.0,11.4,0.732,1,0,0.0,7.0,0.0,0.0,0.0,0.0,0.0,0.0,0.0,8.0,,-,0.0,1.0,🟢  Plat/Sprint,0
2025-07-27,2025,puchar-ministra-obrony-narodowej,result,,Team Novo Nordisk Development,1.2,,,0.0,,,,,,,0,0.0,0.0,0.0,0.0,0.0,,164.9,394.0,394.0,114.0,90.0,0.0,0.0,0.0,0.0,0.0,-0.3,-0.13,-0.12,56.0,0.05,133.0,0.0,0.0,0.0,16.4,149.0,0.0,0.0,0.0,0.0,0.0,0.0,0.0,0.0,0.0,122.0,0.0,0.0,43.0,0.0,1,0,0.0,40.0,0.0,0.0,0.0,0.0,0.0,0.0,0.0,6.0,,-,0.0,1.0,🟢  Plat/Sprint,0
2025-08-02,2025,kreiz-breizh-elites,stage,1.0,Team Novo Nordisk,2.2,,,0.0,,,,,,,0,0.0,26.0,25.0,0.0,0.0,1.0,193.62,2434.0,2482.0,287.0,58.0,4.0,6.0,0.0,0.0,0.0,-0.2,-1.0,-1.72,238.0,0.04,576.0,0.0,0.0,0.0,30.9,163.0,0.0,0.242,0.0,0.0,0.9728,0.9728,0.0,0.0,0.0,180.0,0.0,1.85,11.7,0.0,1,0,0.0,7.0,0.0,0.0,0.0,0.0,0.0,0.0,0.0,15.0,,-,0.6,2.0,⛰️  Moy. montagne,0
2025-08-03,2025,kreiz-breizh-elites,stage,2.0,Team Novo Nordisk,2.2,,,0.0,,,,,,,0,1.0,26.0,25.0,0.0,0.0,2.0,161.24,2392.0,2451.0,210.0,49.0,1.0,1.0,0.0,0.0,0.0,2.0,0.63,0.16,163.0,-0.14,554.0,0.0,0.0,0.0,6.0,155.0,0.0,17.0,0.0,0.0,0.1863,0.1863,0.0,0.0,0.0,120.0,0.0,12.7,11.2,0.0,1,0,0.0,7.0,0.0,0.0,0.0,0.0,0.0,0.0,0.0,15.0,,-,0.6,2.0,⛰️  Moy. montagne,0
2025-08-04,2025,kreiz-breizh-elites,stage,3.0,Team Novo Nordisk,2.2,,,0.0,,,,,,,0,0.0,26.0,25.0,0.0,0.0,3.0,180.12,2155.0,2032.0,280.0,68.0,4.0,1.0,0.0,0.0,0.0,1.7,1.43,1.26,354.0,0.19,582.0,0.0,0.0,0.0,34.3,145.0,0.0,0.397,0.0,0.0,0.2,0.7382,0.0,0.0,0.0,165.0,0.0,0.0,14.2,0.0,1,0,0.0,7.0,0.0,0.0,0.0,0.0,0.0,0.0,0.0,15.0,,Sprint of 9 riders,0.8,2.0,⛰️  Moy. montagne,0
2025-08-12,2025,tour-of-denmark,stage,1.0,Team Novo Nordisk,2.Pro,,,0.0,,,,,,,0,0.0,48.0,40.0,0.0,0.0,1.0,178.33,1568.0,1585.0,120.0,1.0,7.0,0.0,0.0,0.0,0.0,-0.6,-1.0,-0.52,56.0,0.09,468.0,0.0,0.23,0.0,10.5,167.0,0.0,16.8,0.0,0.0,0.0,0.8413,0.0,0.0,0.307,150.0,0.0,1.88,3.92,0.229,1,0,0.0,20.0,0.0,0.0,0.0,0.0,0.0,0.0,0.0,223.0,20.0,Sprint of small group,0.0,1.0,🟢  Plat/Sprint,0
2025-08-13,2025,tour-of-denmark,stage,2.0,Team Novo Nordisk,2.Pro,,,0.0,,,,,,,0,0.0,48.0,40.0,0.0,0.0,2.0,110.57,590.0,576.0,48.0,3.0,0.0,0.0,0.0,0.0,0.0,0.7,0.4,0.08,61.0,-0.0,253.0,0.206,0.749,0.187,16.1,89.9,0.0,28.4,0.0,0.0,0.0,0.0,0.0,3.16,0.878,53.9,0.396,0.0,7.82,1.08,1,0,0.0,20.0,0.0,0.0,0.0,0.0,0.0,0.0,0.0,223.0,27.0,Sprint of large group,0.0,1.0,🟢  Plat/Sprint,0
2025-08-14,2025,tour-of-denmark,stage,3.0,Team Novo Nordisk,2.Pro,,,0.0,,,,,,,0,0.0,48.0,40.0,0.0,0.0,3.0,14.25,50.0,49.0,23.0,0.0,0.0,0.0,0.0,0.0,0.0,-0.1,-0.47,-0.08,50.0,0.01,50.0,0.12,0.0,0.0,0.0,14.1,0.0,3.63,0.0,0.0,0.0,0.0,0.0,0.0,0.0,10.0,0.0,0.0,0.592,0.0,1,0,0.0,20.0,0.0,0.0,0.0,0.0,0.0,0.0,0.0,223.0,26.0,Time trial,0.0,1.0,🟢  Plat/Sprint,0
2025-08-14,2025,czech-tour,stage,1.0,Team Novo Nordisk,2.1,FIN,81.0,0.0,70.0,0.0,,,,,1,0.0,0.0,0.0,0.0,0.0,1.0,162.58,1999.0,1943.0,705.0,237.0,3.0,1.0,1.0,0.0,0.0,-0.6,-1.07,-0.84,123.0,0.27,756.0,0.459,0.0,0.0,0.404,162.0,0.0,0.0,0.0,0.8341,0.8341,0.8341,0.0,0.0,0.0,161.0,0.0,0.322,1.48,0.0,0,0,0.0,14.0,0.0,0.0,0.0,0.0,0.0,0.0,0.0,63.0,31.0,Sprint of large group,0.8,2.0,⛰️  Moy. montagne,0
2025-08-15,2025,czech-tour,stage,2.0,Team Novo Nordisk,2.1,FIN,80.0,0.0,70.0,0.0,,,,,1,0.0,0.0,0.0,0.0,0.0,2.0,172.8,2447.0,1354.0,1324.0,227.0,4.0,0.0,1.0,0.0,1.0,5.2,6.27,6.88,443.0,0.26,291.0,0.148,0.0,0.0,0.747,172.0,0.0,2.54,0.9993,0.9993,0.9993,0.9993,0.9993,0.0,0.0,123.0,0.0,32.4,14.6,0.612,0,1,162.58,14.0,0.0,0.0,0.0,0.0,0.0,0.0,0.0,63.0,32.0,Sprint of small group,0.0,3.0,🏔️  Haute montagne,0
2025-08-15,2025,tour-of-denmark,stage,4.0,Team Novo Nordisk,2.Pro,,,0.0,,,,,,,0,3.0,48.0,40.0,0.0,0.0,4.0,226.71,1941.0,1926.0,96.0,-1.0,7.0,0.0,0.0,0.0,0.0,4.7,1.8,-0.18,214.0,0.01,334.0,0.0,0.191,0.0,20.9,205.0,0.0,45.8,0.0,0.0,0.0,0.95,0.0,0.0,0.156,157.0,0.0,4.92,5.14,0.964,1,1,162.58,20.0,0.0,0.0,0.0,0.0,0.0,0.0,0.0,223.0,23.0,30 km solo,0.2,2.0,⛰️  Moy. montagne,0
2025-08-16,2025,czech-tour,stage,3.0,Team Novo Nordisk,2.1,FIN,104.0,0.0,70.0,0.0,,,,,1,0.0,0.0,0.0,0.0,0.0,3.0,148.3,1208.0,1212.0,658.0,199.0,1.0,1.0,1.0,0.0,0.0,0.5,-0.03,-0.1,33.0,0.56,552.0,0.313,0.0,0.0,1.3,147.0,0.0,0.165,0.0,0.2895,0.7912,0.7912,0.0,0.0,0.0,141.0,0.124,6.26,0.879,0.186,0,2,335.38,14.0,0.0,0.0,0.0,0.0,0.0,0.0,0.0,63.0,28.0,Sprint of large group,0.0,1.0,🟢  Plat/Sprint,0
2025-08-16,2025,tour-of-denmark,stage,5.0,Team Novo Nordisk,2.Pro,,,0.0,,,,,,,0,5.0,48.0,40.0,0.0,0.0,5.0,156.99,1413.0,1383.0,127.0,1.0,4.0,0.0,0.0,0.0,0.0,3.5,1.93,0.1,179.0,-0.03,383.0,0.411,0.0,0.0,7.2,149.0,0.0,24.7,0.0,0.0,0.0,0.6121,0.0,0.0,0.0,121.0,0.0,4.95,1.25,0.0,1,2,335.38,20.0,0.0,0.0,0.0,0.0,0.0,0.0,0.0,223.0,20.0,Sprint of small group,0.0,1.0,🟢  Plat/Sprint,0
2025-08-17,2025,czech-tour,stage,4.0,Team Novo Nordisk,2.1,FIN,71.0,0.0,70.0,0.0,,,,,1,0.0,0.0,0.0,0.0,0.0,4.0,179.2,2716.0,1891.0,1015.0,190.0,2.0,2.0,1.0,0.0,1.0,6.2,6.97,7.58,567.0,0.34,444.0,0.0,0.0,0.0,0.812,179.0,0.0,0.397,0.9997,0.9997,0.9997,0.9997,0.9997,0.0,0.0,124.0,0.0,44.2,11.2,0.0,0,3,483.68,14.0,0.0,0.0,0.0,0.0,0.0,0.0,0.0,63.0,22.0,Sprint of small group,0.0,3.0,🏔️  Haute montagne,0
2025-08-26,2025,tour-du-poitou-charentes-et-de-la-vienne,stage,1.0,Team Novo Nordisk,2.1,,,0.0,,,,,,,0,0.0,0.0,0.0,0.0,0.0,1.0,193.64,1456.0,1497.0,170.0,3.0,2.0,0.0,0.0,0.0,0.0,0.0,-0.07,0.26,197.0,-0.11,270.0,0.0,0.0,0.0,6.17,185.0,0.0,0.0,0.0,0.0,0.0,0.8042,0.0,1.94,0.0,191.0,0.0,0.474,0.431,2.27,0,4,662.88,14.0,0.0,0.0,0.0,0.0,0.0,0.0,0.0,81.0,25.0,Sprint of large group,1.0,1.0,🟢  Plat/Sprint,0
2025-08-27,2025,tour-du-poitou-charentes-et-de-la-vienne,stage,2.0,Team Novo Nordisk,2.1,,,0.0,,,,,,,0,0.0,0.0,0.0,0.0,0.0,2.0,175.33,1731.0,1713.0,200.0,21.0,4.0,1.0,0.0,0.0,0.0,1.9,0.83,0.52,105.0,0.02,323.0,0.0,0.0,0.0,12.6,163.0,0.0,0.0,0.0,0.0,0.6592,0.8683,0.0,0.0,0.0,173.0,0.0,0.139,2.32,0.0,0,4,662.88,14.0,0.0,0.0,0.0,0.0,0.0,0.0,0.0,81.0,23.0,-,1.0,1.0,🟢  Plat/Sprint,0
2025-08-28,2025,tour-du-poitou-charentes-et-de-la-vienne,stage,3.0,Team Novo Nordisk,2.1,,,0.0,,,,,,,0,0.0,0.0,0.0,0.0,0.0,3.0,27.49,202.0,148.0,136.0,60.0,0.0,0.0,0.0,0.0,0.0,-0.1,0.37,0.2,110.0,0.2,202.0,0.0,0.0,0.0,0.0,27.5,0.0,0.0,0.0,0.0,0.0,0.0,0.0,0.0,0.0,27.4,0.0,0.0,0.0,0.0,0,4,662.88,14.0,0.0,0.0,0.0,0.0,0.0,0.0,0.0,81.0,22.0,Time trial,1.0,1.0,🟢  Plat/Sprint,0
2025-08-29,2025,tour-du-poitou-charentes-et-de-la-vienne,stage,4.0,Team Novo Nordisk,2.1,,,0.0,,,,,,,0,0.0,0.0,0.0,0.0,0.0,4.0,186.26,1391.0,1389.0,188.0,71.0,1.0,0.0,0.0,0.0,0.0,3.7,1.4,0.9,121.0,0.1,535.0,0.0,0.0,0.0,17.2,169.0,0.287,2.69,0.0,0.0,0.0,0.0742,0.0,0.0,0.0,176.0,0.0,0.147,7.9,0.0,0,4,662.88,14.0,0.0,0.0,0.0,0.0,0.0,0.0,0.0,81.0,19.0,Sprint of large group,1.0,1.0,🟢  Plat/Sprint,0
2025-09-04,2025,giro-della-regione-friuli-venezia-giulia,stage,1.0,Team Novo Nordisk Development,2.2,FIN,158.0,0.0,117.0,0.0,,,,,1,0.0,0.0,0.0,0.0,0.0,1.0,155.1,1018.0,947.0,314.0,-3.0,4.0,1.0,0.0,0.0,0.0,0.7,0.33,0.3,236.0,0.1,84.0,0.0,0.129,0.0,15.2,139.0,0.0,3.33,0.0,0.0,0.469,0.927,0.0,0.0,0.0,122.0,0.0,29.3,0.428,0.0,0,4,662.88,7.0,0.0,0.0,0.0,0.0,0.0,0.0,0.0,42.0,,Sprint of large group,0.0,1.0,🟢  Plat/Sprint,0
2025-09-05,2025,tour-of-shanghai,stage,1.0,Team Novo Nordisk,2.2,,,0.0,,,,,,,0,0.0,0.0,0.0,0.0,0.0,1.0,95.22,304.0,302.0,16.0,-2.0,0.0,0.0,0.0,0.0,0.0,0.1,0.0,0.0,71.0,0.0,180.0,0.0,0.0,0.0,29.7,45.1,13.6,0.0,0.0,0.0,0.0,0.0,0.0,14.9,0.0,61.6,0.0,10.3,0.0,25.6,0,5,817.98,7.0,0.0,0.0,0.0,0.0,0.0,0.0,0.0,34.0,,-,1.0,1.0,🟢  Plat/Sprint,0
2025-09-05,2025,giro-della-regione-friuli-venezia-giulia,stage,2.0,Team Novo Nordisk Development,2.2,FIN,139.0,0.0,117.0,0.0,,,,,1,0.0,0.0,0.0,0.0,0.0,2.0,166.15,212.0,214.0,17.0,-1.0,0.0,0.0,0.0,0.0,0.0,0.1,0.23,0.12,51.0,0.0,56.0,0.0,0.0,0.0,5.98,160.0,0.0,2.76,0.0,0.0,0.0,0.0,0.0,0.0,0.0,137.0,0.0,25.6,0.678,0.0,0,5,817.98,7.0,0.0,0.0,0.0,0.0,0.0,0.0,0.0,42.0,,-,0.0,1.0,🟢  Plat/Sprint,0
2025-09-06,2025,maryland-cycling-classic,result,,Team Novo Nordisk,1.Pro,,,0.0,,,,,,,0,43.0,43.0,0.0,0.0,0.0,,170.23,1985.0,1980.0,129.0,0.0,6.0,0.0,0.0,0.0,0.0,-1.0,-0.9,-0.28,142.0,0.04,573.0,2.07,0.0,0.0,6.74,162.0,0.0,54.5,0.0,0.0,0.0,0.94,0.0,1.59,0.795,74.5,0.0,31.0,9.73,1.59,1,6,984.13,200.0,0.384,0.0,0.0,0.0,0.0,0.0,0.0,206.0,30.0,Sprint of small group,0.8,2.0,⛰️  Moy. montagne,0
2025-09-06,2025,tour-of-shanghai,stage,2.0,Team Novo Nordisk,2.2,,,0.0,,,,,,,0,0.0,0.0,0.0,0.0,0.0,2.0,94.7,282.0,277.0,20.0,2.0,0.0,0.0,0.0,0.0,0.0,-0.1,-0.07,-0.02,98.0,0.02,159.0,0.0,0.0,0.0,10.3,84.9,0.0,33.4,0.0,0.0,0.0,0.0,0.0,0.0,0.0,56.4,0.0,3.49,1.89,0.0,0,6,984.13,7.0,0.0,0.0,0.0,0.0,0.0,0.0,0.0,34.0,,-,0.0,1.0,🟢  Plat/Sprint,0
2025-09-07,2025,giro-della-regione-friuli-venezia-giulia,stage,4.0,Team Novo Nordisk Development,2.2,FIN,87.0,0.0,117.0,0.0,,,,,1,0.0,0.0,0.0,0.0,0.0,4.0,151.08,1430.0,1187.0,482.0,-1.0,0.0,0.0,2.0,0.0,0.0,6.5,1.57,0.5,416.0,0.16,144.0,0.263,0.193,0.0,6.61,143.0,0.0,9.69,0.0,0.8807,0.8807,0.8807,0.0,0.0,0.0,111.0,0.0,26.4,3.79,0.673,0,6,984.13,7.0,0.0,0.0,0.0,0.0,0.0,0.0,0.0,42.0,,-,0.0,1.0,🟢  Plat/Sprint,0
2025-09-07,2025,tour-of-shanghai,stage,3.0,Team Novo Nordisk,2.2,,,0.0,,,,,,,0,0.0,0.0,0.0,0.0,0.0,3.0,87.94,45.0,52.0,9.0,0.0,0.0,0.0,0.0,0.0,0.0,0.0,0.0,0.0,21.0,0.0,40.0,0.0,0.0,0.0,6.51,80.6,0.0,0.0,0.0,0.0,0.0,0.0,0.0,0.685,0.0,26.2,0.0,54.4,6.68,0.0,0,6,984.13,7.0,0.0,0.0,0.0,0.0,0.0,0.0,0.0,34.0,,-,0.0,1.0,🟢  Plat/Sprint,0
2025-09-10,2025,giro-di-toscana,result,,Team Novo Nordisk,1.1,,,0.0,,,,,,,0,0.0,0.0,0.0,0.0,0.0,,189.5,2448.0,2446.0,639.0,5.0,4.0,1.0,2.0,0.0,0.0,0.3,0.07,-0.26,34.0,0.05,614.0,0.0,0.0,0.0,6.18,183.0,0.0,0.0,0.0,0.8493,0.8493,0.8493,0.0,0.0,0.0,173.0,0.0,14.0,2.75,0.0,1,7,1135.21,125.0,0.0,0.0,0.0,0.0,0.0,0.0,0.0,325.0,21.0,27 km solo,9.4,2.0,⛰️  Moy. montagne,0
2025-09-11,2025,gp-citta-di-peccioli,result,,Team Novo Nordisk,1.Pro,,,0.0,,,,,,,0,0.0,0.0,0.0,0.0,0.0,,198.25,2810.0,2836.0,230.0,36.0,20.0,1.0,0.0,0.0,0.0,5.4,2.4,1.54,110.0,-0.18,702.0,0.661,0.0,0.0,35.3,162.0,0.0,0.0,0.0,0.0,0.0488,0.9512,0.0,1.09,0.0,166.0,0.0,26.7,5.68,1.09,1,7,1135.21,200.0,0.135,0.0,0.0,0.0,0.0,0.0,0.0,363.0,24.0,0.3 km solo,9.2,2.0,⛰️  Moy. montagne,0
2025-09-17,2025,okolo-slovenska,stage,1.0,Team Novo Nordisk,2.1,,,0.0,,,,,,,0,0.0,0.0,0.0,0.0,0.0,1.0,0.0,0.0,0.0,0.0,0.0,0.0,0.0,0.0,0.0,0.0,0.0,0.0,0.0,0.0,0.0,0.0,0.99,0.0,0.0,0.0,140.0,0.0,0.0,0.0,0.0,0.0,0.0,0.0,0.0,0.764,121.0,0.368,15.0,3.44,0.128,1,3,472.33,14.0,0.0,0.0,0.0,0.0,0.0,0.0,0.0,88.0,16.0,Sprint of large group,9.2,2.0,⛰️  Moy. montagne,0
2025-09-18,2025,okolo-slovenska,stage,2.0,Team Novo Nordisk,2.1,,,0.0,,,,,,,0,0.0,0.0,0.0,0.0,0.0,2.0,0.0,0.0,0.0,0.0,0.0,0.0,0.0,0.0,0.0,0.0,0.0,0.0,0.0,0.0,0.0,0.0,0.0,0.178,0.0,0.0,169.0,0.0,0.0,0.0,0.0,0.0,0.0,0.0,0.0,0.0,166.0,0.0,3.0,0.441,0.0,1,3,472.33,14.0,0.0,0.0,0.0,0.0,0.0,0.0,0.0,88.0,18.0,Sprint of large group,9.2,2.0,⛰️  Moy. montagne,0
2025-09-19,2025,okolo-slovenska,stage,3.0,Team Novo Nordisk,2.1,,,0.0,,,,,,,0,0.0,0.0,0.0,0.0,0.0,3.0,0.0,0.0,0.0,0.0,0.0,0.0,0.0,0.0,0.0,0.0,0.0,0.0,0.0,0.0,0.0,0.0,0.322,0.0,0.0,1.19,190.0,0.0,0.391,0.0,0.0,0.0,0.0,0.0,0.0,1.36,157.0,0.0,30.7,1.67,0.0,1,3,472.33,14.0,0.0,0.0,0.0,0.0,0.0,0.0,0.0,88.0,20.0,Sprint of large group,8.6,2.0,⛰️  Moy. montagne,0
2025-09-20,2025,okolo-slovenska,stage,4.0,Team Novo Nordisk,2.1,,,0.0,,,,,,,0,0.0,0.0,0.0,0.0,0.0,4.0,0.0,0.0,0.0,0.0,0.0,0.0,0.0,0.0,0.0,0.0,0.0,0.0,0.0,0.0,0.0,0.0,0.0,0.0,0.0,0.494,169.0,0.0,0.0,0.0,0.0,0.0,0.0,0.0,0.0,0.0,151.0,0.0,17.9,0.494,0.0,0,3,472.33,14.0,0.0,0.0,0.0,0.0,0.0,0.0,0.0,88.0,29.0,Sprint of large group,0.0,1.0,🟢  Plat/Sprint,0
2025-09-21,2025,okolo-slovenska,stage,5.0,Team Novo Nordisk,2.1,,,0.0,,,,,,,0,0.0,0.0,0.0,0.0,0.0,5.0,0.0,0.0,0.0,0.0,0.0,0.0,0.0,0.0,0.0,0.0,0.0,0.0,0.0,0.0,0.0,0.0,0.0,0.0,0.0,1.1,123.0,0.0,0.0,0.0,0.0,0.0,0.0,0.0,0.0,0.0,114.0,0.0,4.95,4.64,0.146,0,3,472.33,14.0,0.0,0.0,0.0,0.0,0.0,0.0,0.0,88.0,25.0,0.8 km solo,0.0,3.0,🏔️  Haute montagne,0
2025-10-03,2025,munsterland-giro,result,,Team Novo Nordisk,1.Pro,,,0.0,,,,,,,0,35.0,35.0,0.0,0.0,0.0,,193.93,889.0,964.0,161.0,40.0,0.0,0.0,0.0,0.0,0.0,0.4,0.0,0.06,32.0,-0.06,349.0,10.3,0.119,0.241,12.5,168.0,0.0,31.4,0.0,0.0,0.0,0.0,0.0,3.02,0.917,129.0,0.457,1.73,12.2,3.26,1,3,472.33,200.0,9.937,0.005,8.55,0.005,3.571,0.0,0.0,428.0,13.0,Sprint of large group,0.0,1.0,🟢  Plat/Sprint,0
2025-10-07,2025,memorial-frank-vandenbroucke,result,,Team Novo Nordisk,1.1,,,0.0,,,,,,,0,0.0,0.0,0.0,0.0,0.0,,0.0,0.0,0.0,0.0,0.0,0.0,0.0,0.0,0.0,0.0,0.0,0.0,0.0,0.0,0.0,0.0,5.7,0.0,0.0,25.6,173.0,0.0,11.9,0.0,0.0,0.0,0.0,0.0,0.0,0.0,113.0,0.0,71.4,8.02,0.168,0,1,151.08,125.0,0.0,0.0,0.0,0.0,0.0,0.0,0.0,308.0,14.0,Sprint of large group,0.0,2.0,⛰️  Moy. montagne,0
2025-10-09,2025,tour-of-taihu-lake,stage,1.0,Team Novo Nordisk,2.Pro,,,0.0,,,,,,,0,0.0,11.0,11.0,0.0,0.0,1.0,96.86,997.0,980.0,149.0,19.0,5.0,0.0,0.0,0.0,0.0,0.5,0.07,0.16,226.0,0.03,558.0,0.0,0.0,0.0,18.0,51.3,0.0,0.0,0.0,0.0,0.0,0.8521,0.0,8.14,0.0,51.0,0.0,8.2,30.9,28.6,1,0,0.0,20.0,0.0,0.0,0.0,0.0,0.0,0.0,0.0,83.0,,Sprint of large group,7.0,1.0,🟢  Plat/Sprint,0
2025-10-10,2025,tour-of-taihu-lake,stage,2.0,Team Novo Nordisk,2.Pro,,,0.0,,,,,,,0,0.0,11.0,11.0,0.0,0.0,2.0,123.71,165.0,166.0,6.0,-5.0,0.0,0.0,0.0,0.0,0.0,0.1,0.03,0.0,56.0,-0.0,71.0,0.0,0.0,0.0,90.1,33.8,0.0,0.0,0.0,0.0,0.0,0.0,0.0,0.0,0.0,119.0,0.0,4.0,1.23,0.0,1,0,0.0,20.0,0.0,0.0,0.0,0.0,0.0,0.0,0.0,83.0,,Sprint of large group,7.0,1.0,🟢  Plat/Sprint,0
2025-10-11,2025,tour-of-taihu-lake,stage,3.0,Team Novo Nordisk,2.Pro,,,0.0,,,,,,,0,0.0,11.0,11.0,0.0,0.0,3.0,79.37,310.0,299.0,24.0,8.0,0.0,0.0,0.0,0.0,0.0,-0.04,-0.07,-0.09,16.0,0.02,212.0,0.0,0.0,0.0,17.1,52.5,0.0,0.0,0.0,0.0,0.0,0.0,0.0,9.64,0.0,42.0,0.0,27.3,0.333,9.64,1,0,0.0,20.0,0.0,0.0,0.0,0.0,0.0,0.0,0.0,83.0,,Sprint of large group,7.0,1.0,🟢  Plat/Sprint,0
2025-10-11,2025,tour-de-vendee,result,,Team Novo Nordisk,1.1,,,0.0,,,,,,,0,0.0,0.0,0.0,0.0,0.0,,200.78,1807.0,1877.0,277.0,6.0,5.0,0.0,0.0,0.0,0.0,-0.4,0.33,0.06,106.0,-0.07,562.0,0.0,0.0,0.0,51.5,150.0,0.0,0.114,0.0,0.0,0.0,0.6909,0.0,0.0,0.114,172.0,0.0,17.7,10.7,0.0,0,0,0.0,125.0,0.0,0.0,0.0,0.0,0.0,0.0,0.0,97.0,15.0,Sprint of large group,7.0,1.0,🟢  Plat/Sprint,0
2025-10-12,2025,tour-of-taihu-lake,stage,4.0,Team Novo Nordisk,2.Pro,,,0.0,,,,,,,0,0.0,11.0,11.0,0.0,0.0,4.0,103.14,645.0,642.0,33.0,-2.0,0.0,0.0,0.0,0.0,0.0,0.3,0.07,0.06,120.0,0.0,314.0,0.0,0.0,0.0,0.0,103.0,0.0,15.8,0.0,0.0,0.0,0.0,0.0,0.0,0.0,87.2,0.0,0.0,0.0,0.0,1,0,0.0,20.0,0.0,0.0,0.0,0.0,0.0,0.0,0.0,83.0,,Sprint of large group,7.0,1.0,🟢  Plat/Sprint,0
2025-10-19,2025,japan-cup,result,,Team Novo Nordisk,1.Pro,,,0.0,,,,,,,0,6.0,6.0,0.0,0.0,0.0,,140.21,2673.0,2674.0,337.0,160.0,1.0,13.0,0.0,0.0,0.0,1.0,1.8,0.96,72.0,-0.0,954.0,0.0,0.0,0.0,47.2,93.1,0.0,0.0,0.0,0.0,0.9493,0.9493,0.0,0.0,0.0,117.0,0.0,23.6,0.0,0.0,1,0,0.0,200.0,0.0,0.0,0.0,0.0,0.0,0.0,0.0,176.0,21.0,8.5 km solo,0.0,2.0,⛰️  Moy. montagne,0
