jour,mois,annee,stage,nom_pcs,categorie,fichier_pcs
13,1,2017,stage_1,vuelta-al-tachira,2.2,13_January_2017__stage_1__vuelta-al-tachira_2017__2.2.csv
14,1,2017,stage_2,vuelta-al-tachira,2.2,14_January_2017__stage_2__vuelta-al-tachira_2017__2.2.csv
15,1,2017,stage_3,vuelta-al-tachira,2.2,15_January_2017__stage_3__vuelta-al-tachira_2017__2.2.csv
16,1,2017,stage_4,vuelta-al-tachira,2.2,16_January_2017__stage_4__vuelta-al-tachira_2017__2.2.csv
17,1,2017,stage_5,vuelta-al-tachira,2.2,17_January_2017__stage_5__vuelta-al-tachira_2017__2.2.csv
18,1,2017,stage_6,vuelta-al-tachira,2.2,18_January_2017__stage_6__vuelta-al-tachira_2017__2.2.csv
19,1,2017,stage_7,vuelta-al-tachira,2.2,19_January_2017__stage_7__vuelta-al-tachira_2017__2.2.csv
20,1,2017,stage_8,vuelta-al-tachira,2.2,20_January_2017__stage_8__vuelta-al-tachira_2017__2.2.csv
21,1,2017,stage_9,vuelta-al-tachira,2.2,21_January_2017__stage_9__vuelta-al-tachira_2017__2.2.csv
22,1,2017,stage_1,new-zealand-cycle-classic,2.2,22_January_2017__stage_1__new-zealand-cycle-classic_2017__2.2.csv
22,1,2017,stage_10,vuelta-al-tachira,2.2,22_January_2017__stage_10__vuelta-al-tachira_2017__2.2.csv
23,1,2017,stage_2,new-zealand-cycle-classic,2.2,23_January_2017__stage_2__new-zealand-cycle-classic_2017__2.2.csv
24,1,2017,stage_3,new-zealand-cycle-classic,2.2,24_January_2017__stage_3__new-zealand-cycle-classic_2017__2.2.csv
25,1,2017,stage_4,new-zealand-cycle-classic,2.2,25_January_2017__stage_4__new-zealand-cycle-classic_2017__2.2.csv
26,1,2017,stage_5,new-zealand-cycle-classic,2.2,26_January_2017__stage_5__new-zealand-cycle-classic_2017__2.2.csv
3,2,2017,result,gp-sakia-el-hamra,1.2,03_February_2017__result__gp-sakia-el-hamra_2017__1.2.csv
5,2,2017,result,gp-oued-eddahab,1.2,05_February_2017__result__gp-oued-eddahab_2017__1.2.csv
6,2,2017,result,gp-al-massira,1.2,06_February_2017__result__gp-al-massira_2017__1.2.csv
9,2,2017,result,challenge-du-prince-trophee-princier,1.2,09_February_2017__result__challenge-du-prince-trophee-princier_2017__1.2.csv
11,2,2017,result,challenge-du-prince-trophee-de-l-anniversaire,1.2,11_February_2017__result__challenge-du-prince-trophee-de-l-anniversaire_2017__1.2.csv
12,2,2017,result,challenge-du-prince,1.2,12_February_2017__result__challenge-du-prince_2017__1.2.csv
18,2,2017,stage_1,tour-des-alpes-maritimes,2.1,18_February_2017__stage_1__tour-des-alpes-maritimes_2017__2.1.csv
18,2,2017,stage_1,le-tour-de-filipinas,2.2,18_February_2017__stage_1__le-tour-de-filipinas_2017__2.2.csv
19,2,2017,stage_2,le-tour-de-filipinas,2.2,19_February_2017__stage_2__le-tour-de-filipinas_2017__2.2.csv
19,2,2017,stage_2,tour-des-alpes-maritimes,2.1,19_February_2017__stage_2__tour-des-alpes-maritimes_2017__2.1.csv
19,2,2017,result,gp-laguna,1.2,19_February_2017__result__gp-laguna_2017__1.2.csv
20,2,2017,stage_3,le-tour-de-filipinas,2.2,20_February_2017__stage_3__le-tour-de-filipinas_2017__2.2.csv
21,2,2017,stage_4,le-tour-de-filipinas,2.2,21_February_2017__stage_4__le-tour-de-filipinas_2017__2.2.csv
26,2,2017,result,gp-izola-butan-plin,1.2,26_February_2017__result__gp-izola-butan-plin_2017__1.2.csv
26,2,2017,stage_1,vuelta-independencia-nacional,2.2,26_February_2017__stage_1__vuelta-independencia-nacional_2017__2.2.csv
27,2,2017,stage_2,vuelta-independencia-nacional,2.2,27_February_2017__stage_2__vuelta-independencia-nacional_2017__2.2.csv
28,2,2017,stage_3,vuelta-independencia-nacional,2.2,28_February_2017__stage_3__vuelta-independencia-nacional_2017__2.2.csv
1,3,2017,result,trofej-umag,1.2,01_March_2017__result__trofej-umag_2017__1.2.csv
1,3,2017,stage_4,vuelta-independencia-nacional,2.2,01_March_2017__stage_4__vuelta-independencia-nacional_2017__2.2.csv
2,3,2017,stage_5,vuelta-independencia-nacional,2.2,02_March_2017__stage_5__vuelta-independencia-nacional_2017__2.2.csv
3,3,2017,stage_6,vuelta-independencia-nacional,2.2,03_March_2017__stage_6__vuelta-independencia-nacional_2017__2.2.csv
4,3,2017,result,porec-trophy,1.2,04_March_2017__result__porec-trophy_2017__1.2.csv
4,3,2017,stage_7,vuelta-independencia-nacional,2.2,04_March_2017__stage_7__vuelta-independencia-nacional_2017__2.2.csv
5,3,2017,stage_8,vuelta-independencia-nacional,2.2,05_March_2017__stage_8__vuelta-independencia-nacional_2017__2.2.csv
5,3,2017,result,gp-de-la-ville-de-lillers,1.2,05_March_2017__result__gp-de-la-ville-de-lillers_2017__1.2.csv
5,3,2017,result,trofeu-da-arrabida,1.2,05_March_2017__result__trofeu-da-arrabida_2017__1.2.csv
5,3,2017,result,rhodes-gp,1.2,05_March_2017__result__rhodes-gp_2017__1.2.csv
9,3,2017,prologue,istrian-spring-tour,2.2,09_March_2017__Prologue__istrian-spring-tour_2017__2.2.csv
10,3,2017,stage_1,tour-of-rhodes,2.2,10_March_2017__stage_1__tour-of-rhodes_2017__2.2.csv
10,3,2017,stage_1,istrian-spring-tour,2.2,10_March_2017__stage_1__istrian-spring-tour_2017__2.2.csv
11,3,2017,stage_2,istrian-spring-tour,2.2,11_March_2017__stage_2__istrian-spring-tour_2017__2.2.csv
11,3,2017,stage_2,tour-of-rhodes,2.2,11_March_2017__stage_2__tour-of-rhodes_2017__2.2.csv
11,3,2017,stage_1,tour-du-cameroun,2.2,11_March_2017__stage_1__tour-du-cameroun_2017__2.2.csv
12,3,2017,stage_3,tour-of-rhodes,2.2,12_March_2017__stage_3__tour-of-rhodes_2017__2.2.csv
12,3,2017,stage_3,istrian-spring-tour,2.2,12_March_2017__stage_3__istrian-spring-tour_2017__2.2.csv
12,3,2017,stage_2,tour-du-cameroun,2.2,12_March_2017__stage_2__tour-du-cameroun_2017__2.2.csv
12,3,2017,result,classica-aldeias-do-xisto-cylin-portugal,1.2,12_March_2017__result__classica-aldeias-do-xisto-cylin-portugal_2017__1.2.csv
12,3,2017,result,dorpenomloop-rucphen,1.2,12_March_2017__result__dorpenomloop-rucphen_2017__1.2.csv
12,3,2017,result,paris-troyes,1.2,12_March_2017__result__paris-troyes_2017__1.2.csv
13,3,2017,stage_3,tour-du-cameroun,2.2,13_March_2017__stage_3__tour-du-cameroun_2017__2.2.csv
14,3,2017,stage_4,tour-du-cameroun,2.2,14_March_2017__stage_4__tour-du-cameroun_2017__2.2.csv
15,3,2017,stage_5,tour-du-cameroun,2.2,15_March_2017__stage_5__tour-du-cameroun_2017__2.2.csv
16,3,2017,stage_6,tour-du-cameroun,2.2,16_March_2017__stage_6__tour-du-cameroun_2017__2.2.csv
18,3,2017,stage_7,tour-du-cameroun,2.2,18_March_2017__stage_7__tour-du-cameroun_2017__2.2.csv
19,3,2017,stage_8,tour-du-cameroun,2.2,19_March_2017__stage_8__tour-du-cameroun_2017__2.2.csv
19,3,2017,result,popolarissima,1.2,19_March_2017__result__popolarissima_2017__1.2.csv
30,3,2017,stage_1,joe-martin-stage-race-me,2.2,30_March_2017__stage_1__joe-martin-stage-race-me_2017__2.2.csv
31,3,2017,stage_2,joe-martin-stage-race-me,2.2,31_March_2017__stage_2__joe-martin-stage-race-me_2017__2.2.csv
31,3,2017,stage_1,le-triptyque-des-monts-et-chateaux,2.2,31_March_2017__stage_1__le-triptyque-des-monts-et-chateaux_2017__2.2.csv
31,3,2017,stage_1,tour-de-tochigi,2.2,31_March_2017__stage_1__tour-de-tochigi_2017__2.2.csv
1,4,2017,stage_3,joe-martin-stage-race-me,2.2,01_April_2017__stage_3__joe-martin-stage-race-me_2017__2.2.csv
1,4,2017,stage_2,tour-de-tochigi,2.2,01_April_2017__stage_2__tour-de-tochigi_2017__2.2.csv
1,4,2017,stage_2,le-triptyque-des-monts-et-chateaux,2.2,01_April_2017__stage_2__le-triptyque-des-monts-et-chateaux_2017__2.2.csv
2,4,2017,result,gp-adria-mobil,1.2,02_April_2017__result__gp-adria-mobil_2017__1.2.csv
2,4,2017,result,trofeo-piva,1.2U,02_April_2017__result__trofeo-piva_2017__1.2U.csv
2,4,2017,stage_4,joe-martin-stage-race-me,2.2,02_April_2017__stage_4__joe-martin-stage-race-me_2017__2.2.csv
2,4,2017,stage_3,tour-de-tochigi,2.2,02_April_2017__stage_3__tour-de-tochigi_2017__2.2.csv
5,4,2017,stage_3,region-pays-de-la-loire,2.1,05_April_2017__stage_3__region-pays-de-la-loire_2017__2.1.csv
6,4,2017,stage_4,region-pays-de-la-loire,2.1,06_April_2017__stage_4__region-pays-de-la-loire_2017__2.1.csv
7,4,2017,stage_1,tour-du-maroc,2.2,07_April_2017__stage_1__tour-du-maroc_2017__2.2.csv
7,4,2017,stage_1,circuit-des-ardennes,2.2,07_April_2017__stage_1__circuit-des-ardennes_2017__2.2.csv
7,4,2017,stage_1,vuelta-ciclista-al-uruguay,2.2,07_April_2017__stage_1__vuelta-ciclista-al-uruguay_2017__2.2.csv
7,4,2017,stage_5,region-pays-de-la-loire,2.1,07_April_2017__stage_5__region-pays-de-la-loire_2017__2.1.csv
8,4,2017,stage_2,circuit-des-ardennes,2.2,08_April_2017__stage_2__circuit-des-ardennes_2017__2.2.csv
8,4,2017,stage_2,tour-du-maroc,2.2,08_April_2017__stage_2__tour-du-maroc_2017__2.2.csv
8,4,2017,stage_2,vuelta-ciclista-al-uruguay,2.2,08_April_2017__stage_2__vuelta-ciclista-al-uruguay_2017__2.2.csv
8,4,2017,result,trofeo-edil-c-u23,1.2U,08_April_2017__result__trofeo-edil-c-u23_2017__1.2U.csv
8,4,2017,result,tour-des-flandres-espoirs,1.Ncup,08_April_2017__result__tour-des-flandres-espoirs_2017__1.Ncup.csv
9,4,2017,stage_3,circuit-des-ardennes,2.2,09_April_2017__stage_3__circuit-des-ardennes_2017__2.2.csv
9,4,2017,stage_3,tour-du-maroc,2.2,09_April_2017__stage_3__tour-du-maroc_2017__2.2.csv
9,4,2017,stage_4,circuit-des-ardennes,2.2,09_April_2017__stage_4__circuit-des-ardennes_2017__2.2.csv
10,4,2017,stage_4,tour-du-maroc,2.2,10_April_2017__stage_4__tour-du-maroc_2017__2.2.csv
11,4,2017,stage_5,tour-du-maroc,2.2,11_April_2017__stage_5__tour-du-maroc_2017__2.2.csv
12,4,2017,stage_6,tour-du-maroc,2.2,12_April_2017__stage_6__tour-du-maroc_2017__2.2.csv
12,4,2017,stage_1,tour-du-loir-et-cher,2.2,12_April_2017__stage_1__tour-du-loir-et-cher_2017__2.2.csv
13,4,2017,stage_1,tour-de-lombok,2.2,13_April_2017__stage_1__tour-de-lombok_2017__2.2.csv
13,4,2017,stage_7,tour-du-maroc,2.2,13_April_2017__stage_7__tour-du-maroc_2017__2.2.csv
13,4,2017,stage_2,tour-du-loir-et-cher,2.2,13_April_2017__stage_2__tour-du-loir-et-cher_2017__2.2.csv
14,4,2017,stage_2,tour-de-lombok,2.2,14_April_2017__stage_2__tour-de-lombok_2017__2.2.csv
14,4,2017,stage_8,tour-du-maroc,2.2,14_April_2017__stage_8__tour-du-maroc_2017__2.2.csv
14,4,2017,stage_3,tour-du-loir-et-cher,2.2,14_April_2017__stage_3__tour-du-loir-et-cher_2017__2.2.csv
15,4,2017,result,fenkil-northen-red-sea-challenge,1.2,15_April_2017__result__fenkil-northen-red-sea-challenge_2017__1.2.csv
15,4,2017,result,liege-bastogne-liege-u23,1.2U,15_April_2017__result__liege-bastogne-liege-u23_2017__1.2U.csv
15,4,2017,stage_9,tour-du-maroc,2.2,15_April_2017__stage_9__tour-du-maroc_2017__2.2.csv
15,4,2017,stage_4,tour-du-loir-et-cher,2.2,15_April_2017__stage_4__tour-du-loir-et-cher_2017__2.2.csv
15,4,2017,stage_3,tour-de-lombok,2.2,15_April_2017__stage_3__tour-de-lombok_2017__2.2.csv
16,4,2017,result,massawa-circuit,1.2,16_April_2017__result__massawa-circuit_2017__1.2.csv
16,4,2017,stage_5,tour-du-loir-et-cher,2.2,16_April_2017__stage_5__tour-du-loir-et-cher_2017__2.2.csv
16,4,2017,stage_4,tour-de-lombok,2.2,16_April_2017__stage_4__tour-de-lombok_2017__2.2.csv
16,4,2017,stage_10,tour-du-maroc,2.2,16_April_2017__stage_10__tour-du-maroc_2017__2.2.csv
17,4,2017,result,circuito-belvedere,1.2U,17_April_2017__result__circuito-belvedere_2017__1.2U.csv
18,4,2017,stage_1,tour-eritrea,2.2,18_April_2017__stage_1__tour-eritrea_2017__2.2.csv
18,4,2017,result,gp-palio-del-recioto,1.2U,18_April_2017__result__gp-palio-del-recioto_2017__1.2U.csv
19,4,2017,stage_1,tour-of-the-gila,2.2,19_April_2017__stage_1__tour-of-the-gila_2017__2.2.csv
19,4,2017,stage_2,tour-eritrea,2.2,19_April_2017__stage_2__tour-eritrea_2017__2.2.csv
20,4,2017,stage_3,tour-eritrea,2.2,20_April_2017__stage_3__tour-eritrea_2017__2.2.csv
20,4,2017,stage_2,tour-of-the-gila,2.2,20_April_2017__stage_2__tour-of-the-gila_2017__2.2.csv
20,4,2017,stage_1,tour-of-mersin,2.2,20_April_2017__stage_1__tour-of-mersin_2017__2.2.csv
21,4,2017,stage_2,tour-of-mersin,2.2,21_April_2017__stage_2__tour-of-mersin_2017__2.2.csv
21,4,2017,stage_4,tour-eritrea,2.2,21_April_2017__stage_4__tour-eritrea_2017__2.2.csv
21,4,2017,stage_3,tour-of-the-gila,2.2,21_April_2017__stage_3__tour-of-the-gila_2017__2.2.csv
22,4,2017,stage_1,tour-du-senegal,2.2,22_April_2017__stage_1__tour-du-senegal_2017__2.2.csv
22,4,2017,result,visegrad-4-bicycle-race-gp-hungary,1.2,22_April_2017__result__visegrad-4-bicycle-race-gp-hungary_2017__1.2.csv
22,4,2017,result,arno-wallaard-memorial,1.2,22_April_2017__result__arno-wallaard-memorial_2017__1.2.csv
22,4,2017,stage_5,tour-eritrea,2.2,22_April_2017__stage_5__tour-eritrea_2017__2.2.csv
22,4,2017,stage_4,tour-of-the-gila,2.2,22_April_2017__stage_4__tour-of-the-gila_2017__2.2.csv
22,4,2017,stage_3,tour-of-mersin,2.2,22_April_2017__stage_3__tour-of-mersin_2017__2.2.csv
23,4,2017,stage_5,tour-of-the-gila,2.2,23_April_2017__stage_5__tour-of-the-gila_2017__2.2.csv
23,4,2017,result,gp-industria-e-commercio2,1.2U,23_April_2017__result__gp-industria-e-commercio2_2017__1.2U.csv
23,4,2017,result,circuit-of-asmara,1.2,23_April_2017__result__circuit-of-asmara_2017__1.2.csv
23,4,2017,result,visegrad-4-bicycle-race-gp-slovakia,1.2,23_April_2017__result__visegrad-4-bicycle-race-gp-slovakia_2017__1.2.csv
23,4,2017,result,east-midlands-international-cicle-classic,1.2,23_April_2017__result__east-midlands-international-cicle-classic_2017__1.2.csv
23,4,2017,stage_2,tour-du-senegal,2.2,23_April_2017__stage_2__tour-du-senegal_2017__2.2.csv
24,4,2017,stage_3,tour-du-senegal,2.2,24_April_2017__stage_3__tour-du-senegal_2017__2.2.csv
25,4,2017,stage_4,tour-du-senegal,2.2,25_April_2017__stage_4__tour-du-senegal_2017__2.2.csv
25,4,2017,result,gran-premio-della-liberazione,1.2U,25_April_2017__result__gran-premio-della-liberazione_2017__1.2U.csv
25,4,2017,stage_1,le-tour-de-bretagne,2.2,25_April_2017__stage_1__le-tour-de-bretagne_2017__2.2.csv
26,4,2017,stage_5,tour-du-senegal,2.2,26_April_2017__stage_5__tour-du-senegal_2017__2.2.csv
26,4,2017,stage_2,le-tour-de-bretagne,2.2,26_April_2017__stage_2__le-tour-de-bretagne_2017__2.2.csv
27,4,2017,stage_6,tour-du-senegal,2.2,27_April_2017__stage_6__tour-du-senegal_2017__2.2.csv
27,4,2017,stage_3,le-tour-de-bretagne,2.2,27_April_2017__stage_3__le-tour-de-bretagne_2017__2.2.csv
28,4,2017,stage_7,tour-du-senegal,2.2,28_April_2017__stage_7__tour-du-senegal_2017__2.2.csv
28,4,2017,result,himmerland-rundt,1.2,28_April_2017__result__himmerland-rundt_2017__1.2.csv
28,4,2017,stage_4,le-tour-de-bretagne,2.2,28_April_2017__stage_4__le-tour-de-bretagne_2017__2.2.csv
29,4,2017,stage_5,le-tour-de-bretagne,2.2,29_April_2017__stage_5__le-tour-de-bretagne_2017__2.2.csv
29,4,2017,stage_8,tour-du-senegal,2.2,29_April_2017__stage_8__tour-du-senegal_2017__2.2.csv
29,4,2017,result,destination-thy,1.2,29_April_2017__result__destination-thy_2017__1.2.csv
29,4,2017,result,banja-luka-belgrade-i,1.2,29_April_2017__result__banja-luka-belgrade-i_2017__1.2.csv
29,4,2017,result,zodc-zuidenveld-tour,1.2,29_April_2017__result__zodc-zuidenveld-tour_2017__1.2.csv
29,4,2017,prologue,carpathia-couriers-paths,2.2U,29_April_2017__Prologue__carpathia-couriers-paths_2017__2.2U.csv
30,4,2017,result,beograd-banja-luka-ii,1.2,30_April_2017__result__beograd-banja-luka-ii_2017__1.2.csv
30,4,2017,result,paris-mantes-en-yvelines,1.2,30_April_2017__result__paris-mantes-en-yvelines_2017__1.2.csv
30,4,2017,result,skive-lobet,1.2,30_April_2017__result__skive-lobet_2017__1.2.csv
30,4,2017,stage_1,carpathia-couriers-paths,2.2U,30_April_2017__stage_1__carpathia-couriers-paths_2017__2.2U.csv
30,4,2017,stage_6,le-tour-de-bretagne,2.2,30_April_2017__stage_6__le-tour-de-bretagne_2017__2.2.csv
1,5,2017,result,memorial-andrzeja-trochanowskiego,1.2,01_May_2017__result__memorial-andrzeja-trochanowskiego_2017__1.2.csv
1,5,2017,result,circuit-de-wallonie,1.2,01_May_2017__result__circuit-de-wallonie_2017__1.2.csv
1,5,2017,result,eschborn-frankfurt,1.UWT,01_May_2017__result__eschborn-frankfurt_2017__1.UWT.csv
1,5,2017,stage_7,le-tour-de-bretagne,2.2,01_May_2017__stage_7__le-tour-de-bretagne_2017__2.2.csv
1,5,2017,stage_2,carpathia-couriers-paths,2.2U,01_May_2017__stage_2__carpathia-couriers-paths_2017__2.2U.csv
2,5,2017,result,memorial-romana-sieminskiego,1.2,02_May_2017__result__memorial-romana-sieminskiego_2017__1.2.csv
2,5,2017,stage_3,carpathia-couriers-paths,2.2U,02_May_2017__stage_3__carpathia-couriers-paths_2017__2.2U.csv
3,5,2017,stage_1,rhone-alpes-isere-tour,2.2,03_May_2017__stage_1__rhone-alpes-isere-tour_2017__2.2.csv
4,5,2017,stage_2,rhone-alpes-isere-tour,2.2,04_May_2017__stage_2__rhone-alpes-isere-tour_2017__2.2.csv
5,5,2017,prologue,five-rings-of-moscow,2.2,05_May_2017__Prologue__five-rings-of-moscow_2017__2.2.csv
5,5,2017,stage_1,szlakiem-grodow-piastowskich,2.2,05_May_2017__stage_1__szlakiem-grodow-piastowskich_2017__2.2.csv
5,5,2017,stage_3,rhone-alpes-isere-tour,2.2,05_May_2017__stage_3__rhone-alpes-isere-tour_2017__2.2.csv
6,5,2017,result,hadeland-gp,1.2,06_May_2017__result__hadeland-gp_2017__1.2.csv
6,5,2017,result,ronde-van-overijssel,1.2,06_May_2017__result__ronde-van-overijssel_2017__1.2.csv
6,5,2017,stage_2,szlakiem-grodow-piastowskich,2.2,06_May_2017__stage_2__szlakiem-grodow-piastowskich_2017__2.2.csv
6,5,2017,stage_4,rhone-alpes-isere-tour,2.2,06_May_2017__stage_4__rhone-alpes-isere-tour_2017__2.2.csv
6,5,2017,stage_1,five-rings-of-moscow,2.2,06_May_2017__stage_1__five-rings-of-moscow_2017__2.2.csv
7,5,2017,result,circuito-del-porto-trofeo-arvedi,1.2,07_May_2017__result__circuito-del-porto-trofeo-arvedi_2017__1.2.csv
7,5,2017,result,fleche-ardennaise,1.2,07_May_2017__result__fleche-ardennaise_2017__1.2.csv
7,5,2017,result,ringerike-gp,1.2,07_May_2017__result__ringerike-gp_2017__1.2.csv
7,5,2017,stage_2,five-rings-of-moscow,2.2,07_May_2017__stage_2__five-rings-of-moscow_2017__2.2.csv
7,5,2017,stage_3,szlakiem-grodow-piastowskich,2.2,07_May_2017__stage_3__szlakiem-grodow-piastowskich_2017__2.2.csv
8,5,2017,stage_3,five-rings-of-moscow,2.2,08_May_2017__stage_3__five-rings-of-moscow_2017__2.2.csv
9,5,2017,stage_4,five-rings-of-moscow,2.2,09_May_2017__stage_4__five-rings-of-moscow_2017__2.2.csv
10,5,2017,stage_1,tour-de-tunisie,2.2,10_May_2017__stage_1__tour-de-tunisie_2017__2.2.csv
11,5,2017,stage_2,tour-de-tunisie,2.2,11_May_2017__stage_2__tour-de-tunisie_2017__2.2.csv
12,5,2017,stage_3,tour-de-tunisie,2.2,12_May_2017__stage_3__tour-de-tunisie_2017__2.2.csv
13,5,2017,result,scandinavian-race-uppsala,1.2,13_May_2017__result__scandinavian-race-uppsala_2017__1.2.csv
13,5,2017,stage_4,tour-de-tunisie,2.2,13_May_2017__stage_4__tour-de-tunisie_2017__2.2.csv
14,5,2017,result,grand-prix-criquielion,1.2,14_May_2017__result__grand-prix-criquielion_2017__1.2.csv
14,5,2017,result,ronde-van-noord-holland,1.2,14_May_2017__result__ronde-van-noord-holland_2017__1.2.csv
14,5,2017,result,gp-industrie-del-marmo,1.2U,14_May_2017__result__gp-industrie-del-marmo_2017__1.2U.csv
14,5,2017,stage_5,tour-de-tunisie,2.2,14_May_2017__stage_5__tour-de-tunisie_2017__2.2.csv
17,5,2017,prologue,tour-of-ukraine,2.2,17_May_2017__Prologue__tour-of-ukraine_2017__2.2.csv
17,5,2017,stage_1,baltyk-karkonosze-tour,2.2,17_May_2017__stage_1__baltyk-karkonosze-tour_2017__2.2.csv
18,5,2017,stage_2,baltyk-karkonosze-tour,2.2,18_May_2017__stage_2__baltyk-karkonosze-tour_2017__2.2.csv
18,5,2017,stage_1,tour-of-ukraine,2.2,18_May_2017__stage_1__tour-of-ukraine_2017__2.2.csv
19,5,2017,stage_3,baltyk-karkonosze-tour,2.2,19_May_2017__stage_3__baltyk-karkonosze-tour_2017__2.2.csv
19,5,2017,stage_2,tour-of-ukraine,2.2,19_May_2017__stage_2__tour-of-ukraine_2017__2.2.csv
19,5,2017,stage_1,paris-arras-tour,2.2,19_May_2017__stage_1__paris-arras-tour_2017__2.2.csv
20,5,2017,stage_1,tour-of-albania,2.2,20_May_2017__stage_1__tour-of-albania_2017__2.2.csv
20,5,2017,result,berner-rundfahrt-tour-de-berne,1.2,20_May_2017__result__berner-rundfahrt-tour-de-berne_2017__1.2.csv
20,5,2017,stage_2,paris-arras-tour,2.2,20_May_2017__stage_2__paris-arras-tour_2017__2.2.csv
20,5,2017,stage_4,baltyk-karkonosze-tour,2.2,20_May_2017__stage_4__baltyk-karkonosze-tour_2017__2.2.csv
20,5,2017,stage_3,tour-of-ukraine,2.2,20_May_2017__stage_3__tour-of-ukraine_2017__2.2.csv
21,5,2017,stage_1,ras-tailteann,2.2,21_May_2017__stage_1__ras-tailteann_2017__2.2.csv
21,5,2017,stage_2,tour-of-albania,2.2,21_May_2017__stage_2__tour-of-albania_2017__2.2.csv
21,5,2017,stage_4,tour-of-ukraine,2.2,21_May_2017__stage_4__tour-of-ukraine_2017__2.2.csv
21,5,2017,stage_3,paris-arras-tour,2.2,21_May_2017__stage_3__paris-arras-tour_2017__2.2.csv
22,5,2017,stage_3,tour-of-albania,2.2,22_May_2017__stage_3__tour-of-albania_2017__2.2.csv
22,5,2017,stage_2,ras-tailteann,2.2,22_May_2017__stage_2__ras-tailteann_2017__2.2.csv
23,5,2017,stage_4,tour-of-albania,2.2,23_May_2017__stage_4__tour-of-albania_2017__2.2.csv
23,5,2017,stage_3,ras-tailteann,2.2,23_May_2017__stage_3__ras-tailteann_2017__2.2.csv
24,5,2017,stage_1,fleche-du-sud,2.2,24_May_2017__stage_1__fleche-du-sud_2017__2.2.csv
24,5,2017,stage_4,ras-tailteann,2.2,24_May_2017__stage_4__ras-tailteann_2017__2.2.csv
24,5,2017,stage_5,tour-of-albania,2.2,24_May_2017__stage_5__tour-of-albania_2017__2.2.csv
25,5,2017,prologue,gp-cycliste-de-gemenc,2.2,25_May_2017__Prologue__gp-cycliste-de-gemenc_2017__2.2.csv
25,5,2017,stage_5,ras-tailteann,2.2,25_May_2017__stage_5__ras-tailteann_2017__2.2.csv
25,5,2017,stage_2,fleche-du-sud,2.2,25_May_2017__stage_2__fleche-du-sud_2017__2.2.csv
26,5,2017,result,race-horizon-park,1.2,26_May_2017__result__race-horizon-park_2017__1.2.csv
26,5,2017,stage_1,gp-cycliste-de-gemenc,2.2,26_May_2017__stage_1__gp-cycliste-de-gemenc_2017__2.2.csv
26,5,2017,stage_6,ras-tailteann,2.2,26_May_2017__stage_6__ras-tailteann_2017__2.2.csv
26,5,2017,stage_3,fleche-du-sud,2.2,26_May_2017__stage_3__fleche-du-sud_2017__2.2.csv
27,5,2017,stage_2,gp-cycliste-de-gemenc,2.2,27_May_2017__stage_2__gp-cycliste-de-gemenc_2017__2.2.csv
27,5,2017,stage_4,fleche-du-sud,2.2,27_May_2017__stage_4__fleche-du-sud_2017__2.2.csv
27,5,2017,stage_1,tour-du-jura-cycliste,2.2,27_May_2017__stage_1__tour-du-jura-cycliste_2017__2.2.csv
27,5,2017,stage_1,tour-de-gironde,2.2,27_May_2017__stage_1__tour-de-gironde_2017__2.2.csv
27,5,2017,result,race-horizon-park-2,1.2,27_May_2017__result__race-horizon-park-2_2017__1.2.csv
27,5,2017,stage_7,ras-tailteann,2.2,27_May_2017__stage_7__ras-tailteann_2017__2.2.csv
28,5,2017,stage_8,ras-tailteann,2.2,28_May_2017__stage_8__ras-tailteann_2017__2.2.csv
28,5,2017,stage_5,fleche-du-sud,2.2,28_May_2017__stage_5__fleche-du-sud_2017__2.2.csv
28,5,2017,stage_2,tour-de-gironde,2.2,28_May_2017__stage_2__tour-de-gironde_2017__2.2.csv
28,5,2017,stage_2,tour-du-jura-cycliste,2.2,28_May_2017__stage_2__tour-du-jura-cycliste_2017__2.2.csv
28,5,2017,result,paris-roubaix-u23,1.2U,28_May_2017__result__paris-roubaix-u23_2017__1.2U.csv
28,5,2017,result,horizon-park-classic,1.2,28_May_2017__result__horizon-park-classic_2017__1.2.csv
30,5,2017,result,games-of-the-small-states-of-europe,JR,30_May_2017__result__games-of-the-small-states-of-europe_2017__JR.csv
1,6,2017,prologue,course-de-la-paix-u23,2.Ncup,01_June_2017__Prologue__course-de-la-paix-u23_2017__2.Ncup.csv
1,6,2017,prologue,tour-de-kumano,2.2,01_June_2017__Prologue__tour-de-kumano_2017__2.2.csv
2,6,2017,stage_1,tour-de-kumano,2.2,02_June_2017__stage_1__tour-de-kumano_2017__2.2.csv
2,6,2017,stage_1,tour-of-bihor-bellotto,2.2,02_June_2017__stage_1__tour-of-bihor-bellotto_2017__2.2.csv
2,6,2017,stage_1,course-de-la-paix-u23,2.Ncup,02_June_2017__stage_1__course-de-la-paix-u23_2017__2.Ncup.csv
2,6,2017,result,trofeo-alcide-degasperi,1.2,02_June_2017__result__trofeo-alcide-degasperi_2017__1.2.csv
3,6,2017,stage_2,tour-de-kumano,2.2,03_June_2017__stage_2__tour-de-kumano_2017__2.2.csv
3,6,2017,stage_2,course-de-la-paix-u23,2.Ncup,03_June_2017__stage_2__course-de-la-paix-u23_2017__2.Ncup.csv
3,6,2017,result,games-of-the-small-states-of-europe-me-itt,JR,03_June_2017__result__games-of-the-small-states-of-europe-me-itt_2017__JR.csv
3,6,2017,stage_4,szlakiem-walk-majora-hubala,2.1,03_June_2017__stage_4__szlakiem-walk-majora-hubala_2017__2.1.csv
4,6,2017,stage_5,szlakiem-walk-majora-hubala,2.1,04_June_2017__stage_5__szlakiem-walk-majora-hubala_2017__2.1.csv
4,6,2017,stage_3,course-de-la-paix-u23,2.Ncup,04_June_2017__stage_3__course-de-la-paix-u23_2017__2.Ncup.csv
4,6,2017,stage_3,tour-de-kumano,2.2,04_June_2017__stage_3__tour-de-kumano_2017__2.2.csv
4,6,2017,result,memorial-philippe-van-coningsloo,1.2,04_June_2017__result__memorial-philippe-van-coningsloo_2017__1.2.csv
4,6,2017,result,coppa-della-pace-trofeo-flli-anelli,1.2,04_June_2017__result__coppa-della-pace-trofeo-flli-anelli_2017__1.2.csv
8,6,2017,stage_1,coupe-des-nations-ville-saguenay,2.2,08_June_2017__stage_1__coupe-des-nations-ville-saguenay_2017__2.2.csv
8,6,2017,stage_1,oberosterreichrundfahrt,2.2,08_June_2017__stage_1__oberosterreichrundfahrt_2017__2.2.csv
8,6,2017,stage_1,ronde-de-l-oise,2.2,08_June_2017__stage_1__ronde-de-l-oise_2017__2.2.csv
9,6,2017,stage_2,coupe-des-nations-ville-saguenay,2.2,09_June_2017__stage_2__coupe-des-nations-ville-saguenay_2017__2.2.csv
9,6,2017,stage_2,ronde-de-l-oise,2.2,09_June_2017__stage_2__ronde-de-l-oise_2017__2.2.csv
9,6,2017,stage_2,oberosterreichrundfahrt,2.2,09_June_2017__stage_2__oberosterreichrundfahrt_2017__2.2.csv
9,6,2017,stage_1,tour-of-malopolska,2.2,09_June_2017__stage_1__tour-of-malopolska_2017__2.2.csv
10,6,2017,stage_3,ronde-de-l-oise,2.2,10_June_2017__stage_3__ronde-de-l-oise_2017__2.2.csv
10,6,2017,stage_3,oberosterreichrundfahrt,2.2,10_June_2017__stage_3__oberosterreichrundfahrt_2017__2.2.csv
10,6,2017,stage_3,coupe-des-nations-ville-saguenay,2.2,10_June_2017__stage_3__coupe-des-nations-ville-saguenay_2017__2.2.csv
10,6,2017,stage_2,tour-of-malopolska,2.2,10_June_2017__stage_2__tour-of-malopolska_2017__2.2.csv
10,6,2017,result,dwars-door-de-vlaamse-ardennen,1.2,10_June_2017__result__dwars-door-de-vlaamse-ardennen_2017__1.2.csv
10,6,2017,result,albani-classic-fyen-rundt,1.2,10_June_2017__result__albani-classic-fyen-rundt_2017__1.2.csv
11,6,2017,stage_4,ronde-de-l-oise,2.2,11_June_2017__stage_4__ronde-de-l-oise_2017__2.2.csv
11,6,2017,stage_4,oberosterreichrundfahrt,2.2,11_June_2017__stage_4__oberosterreichrundfahrt_2017__2.2.csv
11,6,2017,stage_4,coupe-des-nations-ville-saguenay,2.2,11_June_2017__stage_4__coupe-des-nations-ville-saguenay_2017__2.2.csv
11,6,2017,result,gp-horsens,1.2,11_June_2017__result__gp-horsens_2017__1.2.csv
11,6,2017,stage_3,tour-of-malopolska,2.2,11_June_2017__stage_3__tour-of-malopolska_2017__2.2.csv
14,6,2017,stage_1,tour-de-korea,2.1,14_June_2017__stage_1__tour-de-korea_2017__2.1.csv
14,6,2017,stage_1,tour-de-beauce,2.2,14_June_2017__stage_1__tour-de-beauce_2017__2.2.csv
15,6,2017,stage_2,tour-de-korea,2.1,15_June_2017__stage_2__tour-de-korea_2017__2.1.csv
15,6,2017,stage_2,tour-de-beauce,2.2,15_June_2017__stage_2__tour-de-beauce_2017__2.2.csv
15,6,2017,stage_1,tour-des-pays-de-savoie,2.2,15_June_2017__stage_1__tour-des-pays-de-savoie_2017__2.2.csv
15,6,2017,stage_1,la-route-d-occitanie,2.1,15_June_2017__stage_1__la-route-d-occitanie_2017__2.1.csv
16,6,2017,stage_2,tour-des-pays-de-savoie,2.2,16_June_2017__stage_2__tour-des-pays-de-savoie_2017__2.2.csv
16,6,2017,stage_2,la-route-d-occitanie,2.1,16_June_2017__stage_2__la-route-d-occitanie_2017__2.1.csv
16,6,2017,stage_3,tour-de-korea,2.1,16_June_2017__stage_3__tour-de-korea_2017__2.1.csv
16,6,2017,stage_1,tour-de-serbie,2.2,16_June_2017__stage_1__tour-de-serbie_2017__2.2.csv
17,6,2017,stage_3,la-route-d-occitanie,2.1,17_June_2017__stage_3__la-route-d-occitanie_2017__2.1.csv
17,6,2017,stage_3,tour-des-pays-de-savoie,2.2,17_June_2017__stage_3__tour-des-pays-de-savoie_2017__2.2.csv
17,6,2017,stage_4,tour-de-korea,2.1,17_June_2017__stage_4__tour-de-korea_2017__2.1.csv
17,6,2017,stage_4,tour-des-pays-de-savoie,2.2,17_June_2017__stage_4__tour-des-pays-de-savoie_2017__2.2.csv
17,6,2017,result,memorial-im-j.-grundmanna-j-wizowskiego,1.2,17_June_2017__result__memorial-im-j.-grundmanna-j-wizowskiego_2017__1.2.csv
17,6,2017,stage_2,tour-de-serbie,2.2,17_June_2017__stage_2__tour-de-serbie_2017__2.2.csv
18,6,2017,stage_5,tour-de-korea,2.1,18_June_2017__stage_5__tour-de-korea_2017__2.1.csv
18,6,2017,stage_5,tour-des-pays-de-savoie,2.2,18_June_2017__stage_5__tour-des-pays-de-savoie_2017__2.2.csv
18,6,2017,result,beaumont-trophy,1.2,18_June_2017__result__beaumont-trophy_2017__1.2.csv
18,6,2017,result,korona-kocich-gor,1.2,18_June_2017__result__korona-kocich-gor_2017__1.2.csv
18,6,2017,stage_4,la-route-d-occitanie,2.1,18_June_2017__stage_4__la-route-d-occitanie_2017__2.1.csv
18,6,2017,stage_3,tour-de-serbie,2.2,18_June_2017__stage_3__tour-de-serbie_2017__2.2.csv
27,6,2017,result,trofeo-citta-di-brescia,1.2,27_June_2017__result__trofeo-citta-di-brescia_2017__1.2.csv
27,6,2017,prologue,tour-de-hongrie,2.2,27_June_2017__Prologue__tour-de-hongrie_2017__2.2.csv
28,6,2017,result,int-wielertrofee-jong-maar-moedig-iwt,1.2,28_June_2017__result__int-wielertrofee-jong-maar-moedig-iwt_2017__1.2.csv
28,6,2017,stage_1,course-cycliste-de-solidarnosc,2.2,28_June_2017__stage_1__course-cycliste-de-solidarnosc_2017__2.2.csv
28,6,2017,stage_2,course-cycliste-de-solidarnosc,2.2,28_June_2017__stage_2__course-cycliste-de-solidarnosc_2017__2.2.csv
29,6,2017,stage_2,tour-de-hongrie,2.2,29_June_2017__stage_2__tour-de-hongrie_2017__2.2.csv
29,6,2017,stage_3,course-cycliste-de-solidarnosc,2.2,29_June_2017__stage_3__course-cycliste-de-solidarnosc_2017__2.2.csv
29,6,2017,stage_1,volta-a-portugal-do-futuro,2.2U,29_June_2017__stage_1__volta-a-portugal-do-futuro_2017__2.2U.csv
30,6,2017,stage_4,course-cycliste-de-solidarnosc,2.2,30_June_2017__stage_4__course-cycliste-de-solidarnosc_2017__2.2.csv
30,6,2017,stage_3,tour-de-hongrie,2.2,30_June_2017__stage_3__tour-de-hongrie_2017__2.2.csv
30,6,2017,stage_2,volta-a-portugal-do-futuro,2.2U,30_June_2017__stage_2__volta-a-portugal-do-futuro_2017__2.2U.csv
1,7,2017,stage_5,course-cycliste-de-solidarnosc,2.2,01_July_2017__stage_5__course-cycliste-de-solidarnosc_2017__2.2.csv
1,7,2017,result,omloop-het-nieuwsblad-beloften,1.2,01_July_2017__result__omloop-het-nieuwsblad-beloften_2017__1.2.csv
1,7,2017,stage_4,tour-de-hongrie,2.2,01_July_2017__stage_4__tour-de-hongrie_2017__2.2.csv
1,7,2017,stage_3,volta-a-portugal-do-futuro,2.2U,01_July_2017__stage_3__volta-a-portugal-do-futuro_2017__2.2U.csv
2,7,2017,stage_5,tour-de-hongrie,2.2,02_July_2017__stage_5__tour-de-hongrie_2017__2.2.csv
2,7,2017,stage_4,volta-a-portugal-do-futuro,2.2U,02_July_2017__stage_4__volta-a-portugal-do-futuro_2017__2.2U.csv
5,7,2017,prologue,gp-int-torres-vedras,2.2,05_July_2017__Prologue__gp-int-torres-vedras_2017__2.2.csv
6,7,2017,stage_1,gp-int-torres-vedras,2.2,06_July_2017__stage_1__gp-int-torres-vedras_2017__2.2.csv
7,7,2017,stage_2,gp-int-torres-vedras,2.2,07_July_2017__stage_2__gp-int-torres-vedras_2017__2.2.csv
7,7,2017,result,grote-prijs-stad-sint-niklaas2,1.2,07_July_2017__result__grote-prijs-stad-sint-niklaas2_2017__1.2.csv
7,7,2017,result,minsk-cup,1.2,07_July_2017__result__minsk-cup_2017__1.2.csv
8,7,2017,result,grand-prix-minsk,1.2,08_July_2017__result__grand-prix-minsk_2017__1.2.csv
9,7,2017,result,midden-brabant-poort-omloop,1.2,09_July_2017__result__midden-brabant-poort-omloop_2017__1.2.csv
9,7,2017,result,tour-de-delta,1.2,09_July_2017__result__tour-de-delta_2017__1.2.csv
9,7,2017,result,giro-del-medio-brenta,1.2,09_July_2017__result__giro-del-medio-brenta_2017__1.2.csv
12,7,2017,prologue,giro-ciclistico-della-valle-d-aosta-mont-blanc,2.2U,12_July_2017__Prologue__giro-ciclistico-della-valle-d-aosta-mont-blanc_2017__2.2U.csv
13,7,2017,stage_1,giro-ciclistico-della-valle-d-aosta-mont-blanc,2.2U,13_July_2017__stage_1__giro-ciclistico-della-valle-d-aosta-mont-blanc_2017__2.2U.csv
14,7,2017,stage_1,tour-de-flores,2.2,14_July_2017__stage_1__tour-de-flores_2017__2.2.csv
14,7,2017,stage_2,giro-ciclistico-della-valle-d-aosta-mont-blanc,2.2U,14_July_2017__stage_2__giro-ciclistico-della-valle-d-aosta-mont-blanc_2017__2.2U.csv
15,7,2017,stage_2,tour-de-flores,2.2,15_July_2017__stage_2__tour-de-flores_2017__2.2.csv
15,7,2017,stage_3,giro-ciclistico-della-valle-d-aosta-mont-blanc,2.2U,15_July_2017__stage_3__giro-ciclistico-della-valle-d-aosta-mont-blanc_2017__2.2U.csv
16,7,2017,stage_4,giro-ciclistico-della-valle-d-aosta-mont-blanc,2.2U,16_July_2017__stage_4__giro-ciclistico-della-valle-d-aosta-mont-blanc_2017__2.2U.csv
16,7,2017,stage_3,tour-de-flores,2.2,16_July_2017__stage_3__tour-de-flores_2017__2.2.csv
17,7,2017,stage_4,tour-de-flores,2.2,17_July_2017__stage_4__tour-de-flores_2017__2.2.csv
18,7,2017,stage_5,tour-de-flores,2.2,18_July_2017__stage_5__tour-de-flores_2017__2.2.csv
19,7,2017,stage_1,cascade-cycling-classic,2.2,19_July_2017__stage_1__cascade-cycling-classic_2017__2.2.csv
19,7,2017,stage_6,tour-de-flores,2.2,19_July_2017__stage_6__tour-de-flores_2017__2.2.csv
20,7,2017,stage_2,cascade-cycling-classic,2.2,20_July_2017__stage_2__cascade-cycling-classic_2017__2.2.csv
21,7,2017,stage_3,cascade-cycling-classic,2.2,21_July_2017__stage_3__cascade-cycling-classic_2017__2.2.csv
22,7,2017,stage_4,cascade-cycling-classic,2.2,22_July_2017__stage_4__cascade-cycling-classic_2017__2.2.csv
23,7,2017,stage_5,cascade-cycling-classic,2.2,23_July_2017__stage_5__cascade-cycling-classic_2017__2.2.csv
23,7,2017,result,grand-prix-de-la-ville-de-perenchies,1.2,23_July_2017__result__grand-prix-de-la-ville-de-perenchies_2017__1.2.csv
25,7,2017,prologue,dookola-mazowsza,2.2,25_July_2017__Prologue__dookola-mazowsza_2017__2.2.csv
26,7,2017,stage_1,dookola-mazowsza,2.2,26_July_2017__stage_1__dookola-mazowsza_2017__2.2.csv
26,7,2017,prologue,tour-alsace,2.2,26_July_2017__Prologue__tour-alsace_2017__2.2.csv
27,7,2017,stage_2,dookola-mazowsza,2.2,27_July_2017__stage_2__dookola-mazowsza_2017__2.2.csv
27,7,2017,stage_1,tour-alsace,2.2,27_July_2017__stage_1__tour-alsace_2017__2.2.csv
28,7,2017,stage_2,tour-alsace,2.2,28_July_2017__stage_2__tour-alsace_2017__2.2.csv
28,7,2017,stage_3,dookola-mazowsza,2.2,28_July_2017__stage_3__dookola-mazowsza_2017__2.2.csv
29,7,2017,stage_1,tour-cycliste-international-de-la-guadeloupe,2.2,29_July_2017__stage_1__tour-cycliste-international-de-la-guadeloupe_2017__2.2.csv
29,7,2017,stage_1,kreiz-breizh-elites,2.2,29_July_2017__stage_1__kreiz-breizh-elites_2017__2.2.csv
29,7,2017,stage_3,tour-alsace,2.2,29_July_2017__stage_3__tour-alsace_2017__2.2.csv
29,7,2017,stage_4,dookola-mazowsza,2.2,29_July_2017__stage_4__dookola-mazowsza_2017__2.2.csv
30,7,2017,stage_4,tour-alsace,2.2,30_July_2017__stage_4__tour-alsace_2017__2.2.csv
30,7,2017,stage_2,kreiz-breizh-elites,2.2,30_July_2017__stage_2__kreiz-breizh-elites_2017__2.2.csv
30,7,2017,result,gp-kranj,1.2,30_July_2017__result__gp-kranj_2017__1.2.csv
30,7,2017,stage_3,kreiz-breizh-elites,2.2,30_July_2017__stage_3__kreiz-breizh-elites_2017__2.2.csv
31,7,2017,stage_4,kreiz-breizh-elites,2.2,31_July_2017__stage_4__kreiz-breizh-elites_2017__2.2.csv
1,8,2017,stage_1,vuelta-pilsen-a-colombia,2.2,01_August_2017__stage_1__vuelta-pilsen-a-colombia_2017__2.2.csv
2,8,2017,stage_2,vuelta-pilsen-a-colombia,2.2,02_August_2017__stage_2__vuelta-pilsen-a-colombia_2017__2.2.csv
3,8,2017,stage_3,vuelta-pilsen-a-colombia,2.2,03_August_2017__stage_3__vuelta-pilsen-a-colombia_2017__2.2.csv
4,8,2017,stage_4,vuelta-pilsen-a-colombia,2.2,04_August_2017__stage_4__vuelta-pilsen-a-colombia_2017__2.2.csv
5,8,2017,result,hansa-bygg-kalmar-grand-prix,1.2,05_August_2017__result__hansa-bygg-kalmar-grand-prix_2017__1.2.csv
5,8,2017,result,tour-de-ribas,1.2,05_August_2017__result__tour-de-ribas_2017__1.2.csv
5,8,2017,stage_5,vuelta-pilsen-a-colombia,2.2,05_August_2017__stage_5__vuelta-pilsen-a-colombia_2017__2.2.csv
6,8,2017,result,odessa-gp,1.2,06_August_2017__result__odessa-gp_2017__1.2.csv
6,8,2017,result,antwerpse-havenpijl,1.2,06_August_2017__result__antwerpse-havenpijl_2017__1.2.csv
6,8,2017,stage_6,vuelta-pilsen-a-colombia,2.2,06_August_2017__stage_6__vuelta-pilsen-a-colombia_2017__2.2.csv
7,8,2017,stage_7,vuelta-pilsen-a-colombia,2.2,07_August_2017__stage_7__vuelta-pilsen-a-colombia_2017__2.2.csv
9,8,2017,prologue,tour-of-szeklerland,2.2,09_August_2017__Prologue__tour-of-szeklerland_2017__2.2.csv
9,8,2017,stage_8,vuelta-pilsen-a-colombia,2.2,09_August_2017__stage_8__vuelta-pilsen-a-colombia_2017__2.2.csv
10,8,2017,stage_1,tour-of-szeklerland,2.2,10_August_2017__stage_1__tour-of-szeklerland_2017__2.2.csv
10,8,2017,stage_9,vuelta-pilsen-a-colombia,2.2,10_August_2017__stage_9__vuelta-pilsen-a-colombia_2017__2.2.csv
11,8,2017,stage_10,vuelta-pilsen-a-colombia,2.2,11_August_2017__stage_10__vuelta-pilsen-a-colombia_2017__2.2.csv
11,8,2017,stage_2,tour-of-szeklerland,2.2,11_August_2017__stage_2__tour-of-szeklerland_2017__2.2.csv
12,8,2017,result,memorial-henryka-lasaka,1.2,12_August_2017__result__memorial-henryka-lasaka_2017__1.2.csv
12,8,2017,stage_11,vuelta-pilsen-a-colombia,2.2,12_August_2017__stage_11__vuelta-pilsen-a-colombia_2017__2.2.csv
13,8,2017,stage_12,vuelta-pilsen-a-colombia,2.2,13_August_2017__stage_12__vuelta-pilsen-a-colombia_2017__2.2.csv
13,8,2017,result,puchar-uzdrowisk-karpackich,1.2,13_August_2017__result__puchar-uzdrowisk-karpackich_2017__1.2.csv
13,8,2017,result,gp-di-poggiana,1.2U,13_August_2017__result__gp-di-poggiana_2017__1.2U.csv
19,8,2017,result,puchar-ministra-obrony-narodowej,1.2,19_August_2017__result__puchar-ministra-obrony-narodowej_2017__1.2.csv
20,8,2017,result,szlakiem-wielkich-jezior,1.2,20_August_2017__result__szlakiem-wielkich-jezior_2017__1.2.csv
22,8,2017,result,grand-prix-des-marbriers,1.2,22_August_2017__result__grand-prix-des-marbriers_2017__1.2.csv
24,8,2017,stage_4,tour-du-poitou-charentes-et-de-la-vienne,2.1,24_August_2017__stage_4__tour-du-poitou-charentes-et-de-la-vienne_2017__2.1.csv
24,8,2017,result,south-east-asian-games,JR,24_August_2017__result__south-east-asian-games_2017__JR.csv
24,8,2017,stage_1,baltic-chain-tour,2.2,24_August_2017__stage_1__baltic-chain-tour_2017__2.2.csv
25,8,2017,stage_1,tour-of-xingtai,2.2,25_August_2017__stage_1__tour-of-xingtai_2017__2.2.csv
25,8,2017,stage_2,baltic-chain-tour,2.2,25_August_2017__stage_2__baltic-chain-tour_2017__2.2.csv
26,8,2017,stage_3,baltic-chain-tour,2.2,26_August_2017__stage_3__baltic-chain-tour_2017__2.2.csv
26,8,2017,stage_1,ronde-van-midden-nederland,2.2,26_August_2017__stage_1__ronde-van-midden-nederland_2017__2.2.csv
26,8,2017,stage_2,tour-of-xingtai,2.2,26_August_2017__stage_2__tour-of-xingtai_2017__2.2.csv
27,8,2017,result,1st-ljubljana-zagreb,1.2,27_August_2017__result__1st-ljubljana-zagreb_2017__1.2.csv
27,8,2017,stage_3,tour-of-xingtai,2.2,27_August_2017__stage_3__tour-of-xingtai_2017__2.2.csv
27,8,2017,stage_2,ronde-van-midden-nederland,2.2,27_August_2017__stage_2__ronde-van-midden-nederland_2017__2.2.csv
27,8,2017,stage_4,baltic-chain-tour,2.2,27_August_2017__stage_4__baltic-chain-tour_2017__2.2.csv
28,8,2017,stage_1,tour-ethiopian-meles-zenawi,2.2,28_August_2017__stage_1__tour-ethiopian-meles-zenawi_2017__2.2.csv
29,8,2017,stage_2,tour-ethiopian-meles-zenawi,2.2,29_August_2017__stage_2__tour-ethiopian-meles-zenawi_2017__2.2.csv
30,8,2017,stage_1,okolo-jiznich-cech,2.2,30_August_2017__stage_1__okolo-jiznich-cech_2017__2.2.csv
30,8,2017,stage_3,tour-ethiopian-meles-zenawi,2.2,30_August_2017__stage_3__tour-ethiopian-meles-zenawi_2017__2.2.csv
31,8,2017,stage_2,okolo-jiznich-cech,2.2,31_August_2017__stage_2__okolo-jiznich-cech_2017__2.2.csv
31,8,2017,stage_4,tour-ethiopian-meles-zenawi,2.2,31_August_2017__stage_4__tour-ethiopian-meles-zenawi_2017__2.2.csv
1,9,2017,stage_3,okolo-jiznich-cech,2.2,01_September_2017__stage_3__okolo-jiznich-cech_2017__2.2.csv
2,9,2017,stage_5,tour-ethiopian-meles-zenawi,2.2,02_September_2017__stage_5__tour-ethiopian-meles-zenawi_2017__2.2.csv
2,9,2017,stage_4,okolo-jiznich-cech,2.2,02_September_2017__stage_4__okolo-jiznich-cech_2017__2.2.csv
3,9,2017,stage_5,okolo-jiznich-cech,2.2,03_September_2017__stage_5__okolo-jiznich-cech_2017__2.2.csv
3,9,2017,result,kernen-omloop-echt-susteren,1.2,03_September_2017__result__kernen-omloop-echt-susteren_2017__1.2.csv
3,9,2017,stage_1,tour-of-bulgaria,2.2,03_September_2017__stage_1__tour-of-bulgaria_20171__2.2.csv
7,9,2017,stage_1,tour-of-bulgaria,2.2,07_September_2017__stage_1__tour-of-bulgaria_20172__2.2.csv
8,9,2017,stage_1,tour-bohemia,2.2,08_September_2017__stage_1__tour-bohemia_2017__2.2.csv
8,9,2017,stage_1,tour-de-hokkaido,2.2,08_September_2017__stage_1__tour-de-hokkaido_2017__2.2.csv
8,9,2017,stage_2,tour-of-bulgaria,2.2,08_September_2017__stage_2__tour-of-bulgaria_20172__2.2.csv
9,9,2017,result,de-kustpijl,1.2,09_September_2017__result__de-kustpijl_2017__1.2.csv
9,9,2017,result,tour-du-jura,1.2,09_September_2017__result__tour-du-jura_2017__1.2.csv
9,9,2017,stage_2,tour-de-hokkaido,2.2,09_September_2017__stage_2__tour-de-hokkaido_2017__2.2.csv
9,9,2017,stage_2,tour-bohemia,2.2,09_September_2017__stage_2__tour-bohemia_2017__2.2.csv
9,9,2017,stage_3,tour-of-bulgaria,2.2,09_September_2017__stage_3__tour-of-bulgaria_20172__2.2.csv
10,9,2017,stage_1,tour-de-cote-d-ivoire,2.2,10_September_2017__stage_1__tour-de-cote-d-ivoire_2017__2.2.csv
10,9,2017,stage_1,tour-of-china,2.1,10_September_2017__stage_1__tour-of-china_2017__2.1.csv
10,9,2017,result,gp-de-la-ville-de-nogent-sur-oise,1.2,10_September_2017__result__gp-de-la-ville-de-nogent-sur-oise_2017__1.2.csv
10,9,2017,result,int-raiffeisen-gp-judendorf-strassengel,1.2,10_September_2017__result__int-raiffeisen-gp-judendorf-strassengel_2017__1.2.csv
10,9,2017,stage_3,tour-de-hokkaido,2.2,10_September_2017__stage_3__tour-de-hokkaido_2017__2.2.csv
11,9,2017,result,grote-prijs-marcel-kint,1.2,11_September_2017__result__grote-prijs-marcel-kint_2017__1.2.csv
12,9,2017,stage_3,tour-de-cote-d-ivoire,2.2,12_September_2017__stage_3__tour-de-cote-d-ivoire_2017__2.2.csv
12,9,2017,stage_2,tour-of-china,2.1,12_September_2017__stage_2__tour-of-china_2017__2.1.csv
13,9,2017,stage_4,tour-de-cote-d-ivoire,2.2,13_September_2017__stage_4__tour-de-cote-d-ivoire_2017__2.2.csv
14,9,2017,stage_3,tour-of-china,2.1,14_September_2017__stage_3__tour-of-china_2017__2.1.csv
14,9,2017,stage_5,tour-de-cote-d-ivoire,2.2,14_September_2017__stage_5__tour-de-cote-d-ivoire_2017__2.2.csv
15,9,2017,stage_4,tour-of-china,2.1,15_September_2017__stage_4__tour-of-china_2017__2.1.csv
15,9,2017,stage_6,tour-de-cote-d-ivoire,2.2,15_September_2017__stage_6__tour-de-cote-d-ivoire_2017__2.2.csv
16,9,2017,result,gp-czech-republic,1.2,16_September_2017__result__gp-czech-republic_2017__1.2.csv
16,9,2017,stage_7,tour-de-cote-d-ivoire,2.2,16_September_2017__stage_7__tour-de-cote-d-ivoire_2017__2.2.csv
17,9,2017,result,visegrad-4-bicycle-race-gp-polski-via-odra,1.2,17_September_2017__result__visegrad-4-bicycle-race-gp-polski-via-odra_2017__1.2.csv
17,9,2017,stage_5,tour-of-china,2.1,17_September_2017__stage_5__tour-of-china_2017__2.1.csv
18,9,2017,stage_1,tour-de-molvccas,2.2,18_September_2017__stage_1__tour-de-molvccas_2017__2.2.csv
19,9,2017,stage_1,tour-of-china-ii,2.1,19_September_2017__stage_1__tour-of-china-ii_2017__2.1.csv
19,9,2017,stage_2,tour-de-molvccas,2.2,19_September_2017__stage_2__tour-de-molvccas_2017__2.2.csv
20,9,2017,stage_2,tour-of-china-ii,2.1,20_September_2017__stage_2__tour-of-china-ii_2017__2.1.csv
20,9,2017,stage_3,tour-de-molvccas,2.2,20_September_2017__stage_3__tour-de-molvccas_2017__2.2.csv
21,9,2017,stage_3,tour-of-china-ii,2.1,21_September_2017__stage_3__tour-of-china-ii_2017__2.1.csv
21,9,2017,stage_4,tour-de-molvccas,2.2,21_September_2017__stage_4__tour-de-molvccas_2017__2.2.csv
22,9,2017,stage_4,tour-of-china-ii,2.1,22_September_2017__stage_4__tour-of-china-ii_2017__2.1.csv
22,9,2017,stage_5,tour-de-molvccas,2.2,22_September_2017__stage_5__tour-de-molvccas_2017__2.2.csv
23,9,2017,stage_1,tour-du-gevaudan-languedoc-roussillon,2.2,23_September_2017__stage_1__tour-du-gevaudan-languedoc-roussillon_2017__2.2.csv
24,9,2017,result,duo-normand,1.1,24_September_2017__result__duo-normand_2017__1.1.csv
24,9,2017,result,paris-chauny-classique,1.2,24_September_2017__result__paris-chauny-classique_2017__1.2.csv
24,9,2017,result,gooikse-pijl,1.2,24_September_2017__result__gooikse-pijl_2017__1.2.csv
24,9,2017,stage_2,tour-du-gevaudan-languedoc-roussillon,2.2,24_September_2017__stage_2__tour-du-gevaudan-languedoc-roussillon_2017__2.2.csv
24,9,2017,stage_5,tour-of-china-ii,2.1,24_September_2017__stage_5__tour-of-china-ii_2017__2.1.csv
26,9,2017,result,ruota-d-oro-gp-festa-del-perdono,1.2U,26_September_2017__result__ruota-d-oro-gp-festa-del-perdono_2017__1.2U.csv
27,9,2017,stage_1,banyuwangi-tour-de-ijen,2.2,27_September_2017__stage_1__banyuwangi-tour-de-ijen_2017__2.2.csv
28,9,2017,stage_2,banyuwangi-tour-de-ijen,2.2,28_September_2017__stage_2__banyuwangi-tour-de-ijen_2017__2.2.csv
29,9,2017,stage_3,banyuwangi-tour-de-ijen,2.2,29_September_2017__stage_3__banyuwangi-tour-de-ijen_2017__2.2.csv
30,9,2017,stage_4,banyuwangi-tour-de-ijen,2.2,30_September_2017__stage_4__banyuwangi-tour-de-ijen_2017__2.2.csv
30,9,2017,result,torokbalint-gp-memorial-imr,1.2,30_September_2017__result__torokbalint-gp-memorial-imr_2017__1.2.csv
1,10,2017,result,tobago-cycling-classic,1.2,01_October_2017__result__tobago-cycling-classic_2017__1.2.csv
1,10,2017,result,piccolo-giro-di-lombardia,1.2U,01_October_2017__result__piccolo-giro-di-lombardia_2017__1.2U.csv
3,10,2017,stage_1,jelajah-malaysia,2.2,03_October_2017__stage_1__jelajah-malaysia_2017__2.2.csv
4,10,2017,stage_2,jelajah-malaysia,2.2,04_October_2017__stage_2__jelajah-malaysia_2017__2.2.csv
5,10,2017,stage_3,jelajah-malaysia,2.2,05_October_2017__stage_3__jelajah-malaysia_2017__2.2.csv
6,10,2017,stage_4,jelajah-malaysia,2.2,06_October_2017__stage_4__jelajah-malaysia_2017__2.2.csv
7,10,2017,stage_5,jelajah-malaysia,2.2,07_October_2017__stage_5__jelajah-malaysia_2017__2.2.csv
8,10,2017,result,sun-hung-kai-properties-hong-kong-challenge,1.1,08_October_2017__result__sun-hung-kai-properties-hong-kong-challenge_2017__1.1.csv
8,10,2017,stage_1,international-azerbaijan-tour,2.1,08_October_2017__stage_1__international-azerbaijan-tour_2017__2.1.csv
9,10,2017,stage_2,international-azerbaijan-tour,2.1,09_October_2017__stage_2__international-azerbaijan-tour_2017__2.1.csv
10,10,2017,stage_3,international-azerbaijan-tour,2.1,10_October_2017__stage_3__international-azerbaijan-tour_2017__2.1.csv
10,10,2017,prologue,tour-of-taihu-lake,2.1,10_October_2017__Prologue__tour-of-taihu-lake_2017__2.1.csv
11,10,2017,stage_1,vuelta-ciclista-de-chile,2.2,11_October_2017__stage_1__vuelta-ciclista-de-chile_2017__2.2.csv
11,10,2017,stage_1,tour-of-taihu-lake,2.1,11_October_2017__stage_1__tour-of-taihu-lake_2017__2.1.csv
11,10,2017,stage_4,international-azerbaijan-tour,2.1,11_October_2017__stage_4__international-azerbaijan-tour_2017__2.1.csv
12,10,2017,stage_2,tour-of-taihu-lake,2.1,12_October_2017__stage_2__tour-of-taihu-lake_2017__2.1.csv
12,10,2017,stage_1,grand-prix-chantal-biya,2.2,12_October_2017__stage_1__grand-prix-chantal-biya_2017__2.2.csv
12,10,2017,stage_5,international-azerbaijan-tour,2.1,12_October_2017__stage_5__international-azerbaijan-tour_2017__2.1.csv
13,10,2017,stage_2,grand-prix-chantal-biya,2.2,13_October_2017__stage_2__grand-prix-chantal-biya_2017__2.2.csv
13,10,2017,stage_3,tour-of-taihu-lake,2.1,13_October_2017__stage_3__tour-of-taihu-lake_2017__2.1.csv
13,10,2017,stage_6,international-azerbaijan-tour,2.1,13_October_2017__stage_6__international-azerbaijan-tour_2017__2.1.csv
14,10,2017,stage_4,tour-of-taihu-lake,2.1,14_October_2017__stage_4__tour-of-taihu-lake_2017__2.1.csv
14,10,2017,stage_3,grand-prix-chantal-biya,2.2,14_October_2017__stage_3__grand-prix-chantal-biya_2017__2.2.csv
15,10,2017,result,chrono-des-nations,1.1,15_October_2017__result__chrono-des-nations_2017__1.1.csv
15,10,2017,stage_5,tour-of-taihu-lake,2.1,15_October_2017__stage_5__tour-of-taihu-lake_2017__2.1.csv
15,10,2017,stage_4,grand-prix-chantal-biya,2.2,15_October_2017__stage_4__grand-prix-chantal-biya_2017__2.2.csv
16,10,2017,stage_6,tour-of-taihu-lake,2.1,16_October_2017__stage_6__tour-of-taihu-lake_2017__2.1.csv
17,10,2017,stage_1,tour-de-selangor,2.2,17_October_2017__stage_1__tour-de-selangor_2017__2.2.csv
17,10,2017,stage_7,tour-of-taihu-lake,2.1,17_October_2017__stage_7__tour-of-taihu-lake_2017__2.1.csv
18,10,2017,stage_2,tour-de-selangor,2.2,18_October_2017__stage_2__tour-de-selangor_2017__2.2.csv
19,10,2017,stage_3,tour-de-selangor,2.2,19_October_2017__stage_3__tour-de-selangor_2017__2.2.csv
20,10,2017,stage_4,tour-de-selangor,2.2,20_October_2017__stage_4__tour-de-selangor_2017__2.2.csv
21,10,2017,stage_5,tour-de-selangor,2.2,21_October_2017__stage_5__tour-de-selangor_2017__2.2.csv
23,10,2017,stage_1,vuelta-a-guatemala,2.2,23_October_2017__stage_1__vuelta-a-guatemala_2017__2.2.csv
24,10,2017,stage_2,vuelta-a-guatemala,2.2,24_October_2017__stage_2__vuelta-a-guatemala_2017__2.2.csv
27,10,2017,stage_1,tour-du-faso,2.2,27_October_2017__stage_1__tour-du-faso_2017__2.2.csv
27,10,2017,stage_1,vuelta-ciclista-a-venezuela,2.2,27_October_2017__stage_1__vuelta-ciclista-a-venezuela_2017__2.2.csv
28,10,2017,stage_2,tour-du-faso,2.2,28_October_2017__stage_2__tour-du-faso_2017__2.2.csv
28,10,2017,stage_2,vuelta-ciclista-a-venezuela,2.2,28_October_2017__stage_2__vuelta-ciclista-a-venezuela_2017__2.2.csv
29,10,2017,stage_3,vuelta-ciclista-a-venezuela,2.2,29_October_2017__stage_3__vuelta-ciclista-a-venezuela_2017__2.2.csv
29,10,2017,stage_3,tour-du-faso,2.2,29_October_2017__stage_3__tour-du-faso_2017__2.2.csv
30,10,2017,stage_4,vuelta-ciclista-a-venezuela,2.2,30_October_2017__stage_4__vuelta-ciclista-a-venezuela_2017__2.2.csv
30,10,2017,stage_4,tour-du-faso,2.2,30_October_2017__stage_4__tour-du-faso_2017__2.2.csv
31,10,2017,stage_5,tour-du-faso,2.2,31_October_2017__stage_5__tour-du-faso_2017__2.2.csv
31,10,2017,stage_5,vuelta-ciclista-a-venezuela,2.2,31_October_2017__stage_5__vuelta-ciclista-a-venezuela_2017__2.2.csv
1,11,2017,stage_6,vuelta-ciclista-a-venezuela,2.2,01_November_2017__stage_6__vuelta-ciclista-a-venezuela_2017__2.2.csv
1,11,2017,stage_6,tour-du-faso,2.2,01_November_2017__stage_6__tour-du-faso_2017__2.2.csv
2,11,2017,stage_7,vuelta-ciclista-a-venezuela,2.2,02_November_2017__stage_7__vuelta-ciclista-a-venezuela_2017__2.2.csv
2,11,2017,stage_7,tour-du-faso,2.2,02_November_2017__stage_7__tour-du-faso_2017__2.2.csv
3,11,2017,stage_8,tour-du-faso,2.2,03_November_2017__stage_8__tour-du-faso_2017__2.2.csv
3,11,2017,stage_8,vuelta-ciclista-a-venezuela,2.2,03_November_2017__stage_8__vuelta-ciclista-a-venezuela_2017__2.2.csv
4,11,2017,stage_9,tour-du-faso,2.2,04_November_2017__stage_9__tour-du-faso_2017__2.2.csv
4,11,2017,stage_9,vuelta-ciclista-a-venezuela,2.2,04_November_2017__stage_9__vuelta-ciclista-a-venezuela_2017__2.2.csv
5,11,2017,stage_10,vuelta-ciclista-a-venezuela,2.2,05_November_2017__stage_10__vuelta-ciclista-a-venezuela_2017__2.2.csv
5,11,2017,stage_10,tour-du-faso,2.2,05_November_2017__stage_10__tour-du-faso_2017__2.2.csv
12,11,2017,result,tour-de-okinawa,1.2,12_November_2017__result__tour-de-okinawa_2017__1.2.csv
12,11,2017,prologue,tour-of-rwanda,2.2,12_November_2017__Prologue__tour-of-rwanda_2017__2.2.csv
13,11,2017,stage_1,tour-of-rwanda,2.2,13_November_2017__stage_1__tour-of-rwanda_2017__2.2.csv
14,11,2017,stage_2,tour-of-rwanda,2.2,14_November_2017__stage_2__tour-of-rwanda_2017__2.2.csv
15,11,2017,stage_3,tour-of-rwanda,2.2,15_November_2017__stage_3__tour-of-rwanda_2017__2.2.csv
16,11,2017,stage_4,tour-of-rwanda,2.2,16_November_2017__stage_4__tour-of-rwanda_2017__2.2.csv
17,11,2017,stage_5,tour-of-rwanda,2.2,17_November_2017__stage_5__tour-of-rwanda_2017__2.2.csv
18,11,2017,stage_1,tour-of-singkarak,2.2,18_November_2017__stage_1__tour-of-singkarak_2017__2.2.csv
18,11,2017,stage_6,tour-of-rwanda,2.2,18_November_2017__stage_6__tour-of-rwanda_2017__2.2.csv
19,11,2017,stage_7,tour-of-rwanda,2.2,19_November_2017__stage_7__tour-of-rwanda_2017__2.2.csv
19,11,2017,stage_2,tour-of-singkarak,2.2,19_November_2017__stage_2__tour-of-singkarak_2017__2.2.csv
20,11,2017,stage_3,tour-of-singkarak,2.2,20_November_2017__stage_3__tour-of-singkarak_2017__2.2.csv
21,11,2017,stage_4,tour-of-singkarak,2.2,21_November_2017__stage_4__tour-of-singkarak_2017__2.2.csv
22,11,2017,stage_5,tour-of-singkarak,2.2,22_November_2017__stage_5__tour-of-singkarak_2017__2.2.csv
23,11,2017,stage_6,tour-of-singkarak,2.2,23_November_2017__stage_6__tour-of-singkarak_2017__2.2.csv
24,11,2017,stage_7,tour-of-singkarak,2.2,24_November_2017__stage_7__tour-of-singkarak_2017__2.2.csv
25,11,2017,stage_8,tour-of-singkarak,2.2,25_November_2017__stage_8__tour-of-singkarak_2017__2.2.csv
26,11,2017,stage_9,tour-of-singkarak,2.2,26_November_2017__stage_9__tour-of-singkarak_2017__2.2.csv
2,12,2017,stage_1,tour-of-quanzhou-bay,2.2,02_December_2017__stage_1__tour-of-quanzhou-bay_2017__2.2.csv
3,12,2017,stage_2,tour-of-quanzhou-bay,2.2,03_December_2017__stage_2__tour-of-quanzhou-bay_2017__2.2.csv
4,12,2017,stage_3,tour-of-quanzhou-bay,2.2,04_December_2017__stage_3__tour-of-quanzhou-bay_2017__2.2.csv
17,2,2018,stage_1,tour-des-alpes-maritimes,2.1,17_February_2018__stage_1__tour-des-alpes-maritimes_2018__2.1.csv
18,2,2018,stage_2,tour-des-alpes-maritimes,2.1,18_February_2018__stage_2__tour-des-alpes-maritimes_2018__2.1.csv
17,3,2018,stage_5,volta-ao-alentejo,2.2,17_March_2018__stage_5__volta-ao-alentejo_2018__2.2.csv
18,3,2018,stage_6,volta-ao-alentejo,2.2,18_March_2018__stage_6__volta-ao-alentejo_2018__2.2.csv
23,3,2018,result,grand-prix-international-de-la-pharmacie-centrale-,1.2,23_March_2018__result__grand-prix-international-de-la-pharmacie-centrale-_2018__1.2.csv
7,4,2018,result,tour-des-flandres-espoirs,1.Ncup,07_April_2018__result__tour-des-flandres-espoirs_2018__1.Ncup.csv
8,4,2018,stage_4,circuit-des-ardennes,2.2,08_April_2018__stage_4__circuit-des-ardennes_2018__2.2.csv
2,5,2018,prologue,five-rings-of-moscow,2.2,02_May_2018__Prologue__five-rings-of-moscow_2018__2.2.csv
3,5,2018,stage_1,five-rings-of-moscow,2.2,03_May_2018__stage_1__five-rings-of-moscow_2018__2.2.csv
4,5,2018,stage_2,five-rings-of-moscow,2.2,04_May_2018__stage_2__five-rings-of-moscow_2018__2.2.csv
5,5,2018,stage_3,five-rings-of-moscow,2.2,05_May_2018__stage_3__five-rings-of-moscow_2018__2.2.csv
6,5,2018,stage_4,five-rings-of-moscow,2.2,06_May_2018__stage_4__five-rings-of-moscow_2018__2.2.csv
11,5,2018,stage_1,szlakiem-grodow-piastowskich,2.2,11_May_2018__stage_1__szlakiem-grodow-piastowskich_2018__2.2.csv
11,5,2018,stage_2,szlakiem-grodow-piastowskich,2.2,11_May_2018__stage_2__szlakiem-grodow-piastowskich_2018__2.2.csv
12,5,2018,result,visegrad-4-bicycle-race-gp-hungary,1.2,12_May_2018__result__visegrad-4-bicycle-race-gp-hungary_2018__1.2.csv
12,5,2018,stage_3,szlakiem-grodow-piastowskich,2.2,12_May_2018__stage_3__szlakiem-grodow-piastowskich_2018__2.2.csv
13,5,2018,stage_4,szlakiem-grodow-piastowskich,2.2,13_May_2018__stage_4__szlakiem-grodow-piastowskich_2018__2.2.csv
24,5,2018,prologue,gp-cycliste-de-gemenc,2.2,24_May_2018__Prologue__gp-cycliste-de-gemenc_2018__2.2.csv
25,5,2018,stage_1,gp-cycliste-de-gemenc,2.2,25_May_2018__stage_1__gp-cycliste-de-gemenc_2018__2.2.csv
26,5,2018,stage_1,tour-du-cameroun,2.2,26_May_2018__stage_1__tour-du-cameroun_2018__2.2.csv
26,5,2018,stage_2,gp-cycliste-de-gemenc,2.2,26_May_2018__stage_2__gp-cycliste-de-gemenc_2018__2.2.csv
27,5,2018,result,paris-roubaix-u23,1.2U,27_May_2018__result__paris-roubaix-u23_2018__1.2U.csv
27,5,2018,stage_2,tour-du-cameroun,2.2,27_May_2018__stage_2__tour-du-cameroun_2018__2.2.csv
29,5,2018,stage_4,tour-du-cameroun,2.2,29_May_2018__stage_4__tour-du-cameroun_2018__2.2.csv
30,5,2018,stage_1,tour-de-korea,2.1,30_May_2018__stage_1__tour-de-korea_2018__2.1.csv
31,5,2018,stage_5,tour-du-cameroun,2.2,31_May_2018__stage_5__tour-du-cameroun_2018__2.2.csv
31,5,2018,stage_2,tour-de-korea,2.1,31_May_2018__stage_2__tour-de-korea_2018__2.1.csv
1,6,2018,stage_3,tour-de-korea,2.1,01_June_2018__stage_3__tour-de-korea_2018__2.1.csv
1,6,2018,stage_6,tour-du-cameroun,2.2,01_June_2018__stage_6__tour-du-cameroun_2018__2.2.csv
2,6,2018,stage_7,tour-du-cameroun,2.2,02_June_2018__stage_7__tour-du-cameroun_2018__2.2.csv
2,6,2018,stage_3,szlakiem-walk-majora-hubala,2.1,02_June_2018__stage_3__szlakiem-walk-majora-hubala_2018__2.1.csv
2,6,2018,stage_4,tour-de-korea,2.1,02_June_2018__stage_4__tour-de-korea_2018__2.1.csv
3,6,2018,stage_8,tour-du-cameroun,2.2,03_June_2018__stage_8__tour-du-cameroun_2018__2.2.csv
3,6,2018,stage_5,tour-de-korea,2.1,03_June_2018__stage_5__tour-de-korea_2018__2.1.csv
3,6,2018,stage_4,szlakiem-walk-majora-hubala,2.1,03_June_2018__stage_4__szlakiem-walk-majora-hubala_2018__2.1.csv
22,6,2018,stage_3,tour-des-pays-de-savoie,2.2,22_June_2018__stage_3__tour-des-pays-de-savoie_2018__2.2.csv
23,6,2018,stage_4,tour-des-pays-de-savoie,2.2,23_June_2018__stage_4__tour-des-pays-de-savoie_2018__2.2.csv
24,6,2018,stage_5,tour-des-pays-de-savoie,2.2,24_June_2018__stage_5__tour-des-pays-de-savoie_2018__2.2.csv
30,6,2018,result,omloop-het-nieuwsblad-beloften,1.2,30_June_2018__result__omloop-het-nieuwsblad-beloften_2018__1.2.csv
20,7,2018,result,juegos-deportivos-centroamericanos-y-del-carbie-it,JR,20_July_2018__result__juegos-deportivos-centroamericanos-y-del-carbie-it_2018__JR.csv
29,7,2018,result,juegos-deportivos-centroamericanos-y-del-carbie,JR,29_July_2018__result__juegos-deportivos-centroamericanos-y-del-carbie_2018__JR.csv
29,7,2018,stage_3,kreiz-breizh-elites,2.2,29_July_2018__stage_3__kreiz-breizh-elites_2018__2.2.csv
30,7,2018,stage_4,kreiz-breizh-elites,2.2,30_July_2018__stage_4__kreiz-breizh-elites_2018__2.2.csv
1,8,2018,prologue,tour-alsace,2.2,01_August_2018__Prologue__tour-alsace_2018__2.2.csv
2,8,2018,stage_1,tour-alsace,2.2,02_August_2018__stage_1__tour-alsace_2018__2.2.csv
3,8,2018,stage_2,tour-alsace,2.2,03_August_2018__stage_2__tour-alsace_2018__2.2.csv
4,8,2018,stage_3,tour-alsace,2.2,04_August_2018__stage_3__tour-alsace_2018__2.2.csv
5,8,2018,stage_4,tour-alsace,2.2,05_August_2018__stage_4__tour-alsace_2018__2.2.csv
23,8,2018,stage_4,tour-du-poitou-charentes-et-de-la-vienne,2.1,23_August_2018__stage_4__tour-du-poitou-charentes-et-de-la-vienne_2018__2.1.csv
26,8,2018,result,1st-ljubljana-zagreb,1.2,26_August_2018__result__1st-ljubljana-zagreb_2018__1.2.csv
9,9,2018,stage_1,tour-de-cote-d-ivoire,2.2,09_September_2018__stage_1__tour-de-cote-d-ivoire_2018__2.2.csv
10,9,2018,stage_2,tour-de-cote-d-ivoire,2.2,10_September_2018__stage_2__tour-de-cote-d-ivoire_2018__2.2.csv
11,9,2018,stage_3,tour-de-cote-d-ivoire,2.2,11_September_2018__stage_3__tour-de-cote-d-ivoire_2018__2.2.csv
12,9,2018,stage_4,tour-de-cote-d-ivoire,2.2,12_September_2018__stage_4__tour-de-cote-d-ivoire_2018__2.2.csv
13,9,2018,stage_5,tour-de-cote-d-ivoire,2.2,13_September_2018__stage_5__tour-de-cote-d-ivoire_2018__2.2.csv
14,9,2018,stage_6,tour-de-cote-d-ivoire,2.2,14_September_2018__stage_6__tour-de-cote-d-ivoire_2018__2.2.csv
15,9,2018,stage_7,tour-de-cote-d-ivoire,2.2,15_September_2018__stage_7__tour-de-cote-d-ivoire_2018__2.2.csv
13,10,2018,result,elite-road-caribbean-championships-itt,JR,13_October_2018__result__elite-road-caribbean-championships-itt_2018__JR.csv
14,10,2018,stage_2,hammer-hong-kong,1.1,14_October_2018__stage_2__hammer-hong-kong_2018__1.1.csv
14,10,2018,result,elite-road-caribbean-championships-road-race,JR,14_October_2018__result__elite-road-caribbean-championships-road-race_2018__JR.csv
14,10,2018,result,chrono-des-nations-u23,1.2U,14_October_2018__result__chrono-des-nations-u23_2018__1.2U.csv
13,12,2018,result,gran-premio-comite-olimpico-nacional,1.2,13_December_2018__result__gran-premio-comite-olimpico-nacional_2018__1.2.csv
22,2,2019,stage_1,tour-des-alpes-maritimes,2.1,22_February_2019__stage_1__tour-des-alpes-maritimes_2019__2.1.csv
23,2,2019,stage_2,tour-des-alpes-maritimes,2.1,23_February_2019__stage_2__tour-des-alpes-maritimes_2019__2.1.csv
24,2,2019,stage_3,tour-des-alpes-maritimes,2.1,24_February_2019__stage_3__tour-des-alpes-maritimes_2019__2.1.csv
14,4,2019,stage_4,circuit-des-ardennes,2.2,14_April_2019__stage_4__circuit-des-ardennes_2019__2.2.csv
31,5,2019,stage_1,szlakiem-walk-majora-hubala,2.1,31_May_2019__stage_1__szlakiem-walk-majora-hubala_2019__2.1.csv
9,6,2019,result,memorial-philippe-van-coningsloo,1.2,09_June_2019__result__memorial-philippe-van-coningsloo_2019__1.2.csv
13,6,2019,stage_1,coupe-des-nations-ville-saguenay,2.2,13_June_2019__stage_1__coupe-des-nations-ville-saguenay_2019__2.2.csv
14,6,2019,stage_2,coupe-des-nations-ville-saguenay,2.2,14_June_2019__stage_2__coupe-des-nations-ville-saguenay_2019__2.2.csv
15,6,2019,stage_3,coupe-des-nations-ville-saguenay,2.2,15_June_2019__stage_3__coupe-des-nations-ville-saguenay_2019__2.2.csv
16,6,2019,stage_4,coupe-des-nations-ville-saguenay,2.2,16_June_2019__stage_4__coupe-des-nations-ville-saguenay_2019__2.2.csv
11,7,2019,prologue,gp-int-torres-vedras,2.2,11_July_2019__Prologue__gp-int-torres-vedras_2019__2.2.csv
12,7,2019,stage_1,gp-int-torres-vedras,2.2,12_July_2019__stage_1__gp-int-torres-vedras_2019__2.2.csv
13,7,2019,stage_2,gp-int-torres-vedras,2.2,13_July_2019__stage_2__gp-int-torres-vedras_2019__2.2.csv
14,7,2019,stage_3,gp-int-torres-vedras,2.2,14_July_2019__stage_3__gp-int-torres-vedras_2019__2.2.csv
31,7,2019,prologue,tour-alsace,2.2,31_July_2019__Prologue__tour-alsace_2019__2.2.csv
2,8,2019,stage_2,tour-alsace,2.2,02_August_2019__stage_2__tour-alsace_2019__2.2.csv
3,8,2019,stage_3,tour-alsace,2.2,03_August_2019__stage_3__tour-alsace_2019__2.2.csv
4,8,2019,stage_4,tour-alsace,2.2,04_August_2019__stage_4__tour-alsace_2019__2.2.csv
7,8,2019,prologue,tour-of-szeklerland,2.2,07_August_2019__Prologue__tour-of-szeklerland_2019__2.2.csv
8,8,2019,stage_1,tour-of-szeklerland,2.2,08_August_2019__stage_1__tour-of-szeklerland_2019__2.2.csv
9,8,2019,stage_2,tour-of-szeklerland,2.2,09_August_2019__stage_2__tour-of-szeklerland_2019__2.2.csv
29,8,2019,stage_4,tour-du-poitou-charentes-et-de-la-vienne,2.1,29_August_2019__stage_4__tour-du-poitou-charentes-et-de-la-vienne_2019__2.1.csv
1,9,2019,result,1st-ljubljana-zagreb,1.2,01_September_2019__result__1st-ljubljana-zagreb_2019__1.2.csv
2,11,2019,result,elite-road-caribbean-championships-itt,1.2,02_November_2019__result__elite-road-caribbean-championships-itt_2019__1.2.csv
3,11,2019,result,elite-road-caribbean-championships-road-race,1.2,03_November_2019__result__elite-road-caribbean-championships-road-race_2019__1.2.csv
30,1,2020,result,race-torquay,1.1,30_January_2020__result__race-torquay_2020__1.1.csv
6,8,2020,stage_3,tour-des-pays-de-savoie,2.2,06_August_2020__stage_3__tour-des-pays-de-savoie_2020__2.2.csv
7,8,2020,stage_4,tour-des-pays-de-savoie,2.2,07_August_2020__stage_4__tour-des-pays-de-savoie_2020__2.2.csv
8,8,2020,stage_5,tour-des-pays-de-savoie,2.2,08_August_2020__stage_5__tour-des-pays-de-savoie_2020__2.2.csv
29,5,2021,stage_1,tour-du-cameroun,2.2,29_May_2021__stage_1__tour-du-cameroun_2021__2.2.csv
30,5,2021,stage_2,tour-du-cameroun,2.2,30_May_2021__stage_2__tour-du-cameroun_2021__2.2.csv
31,5,2021,stage_3,tour-du-cameroun,2.2,31_May_2021__stage_3__tour-du-cameroun_2021__2.2.csv
1,6,2021,stage_4,tour-du-cameroun,2.2,01_June_2021__stage_4__tour-du-cameroun_2021__2.2.csv
2,6,2021,stage_5,tour-du-cameroun,2.2,02_June_2021__stage_5__tour-du-cameroun_2021__2.2.csv
3,6,2021,stage_6,tour-du-cameroun,2.2,03_June_2021__stage_6__tour-du-cameroun_2021__2.2.csv
5,6,2021,stage_7,tour-du-cameroun,2.2,05_June_2021__stage_7__tour-du-cameroun_2021__2.2.csv
6,6,2021,stage_8,tour-du-cameroun,2.2,06_June_2021__stage_8__tour-du-cameroun_2021__2.2.csv
26,6,2021,stage_5,volta-ao-alentejo,2.2,26_June_2021__stage_5__volta-ao-alentejo_2021__2.2.csv
27,6,2021,stage_6,volta-ao-alentejo,2.2,27_June_2021__stage_6__volta-ao-alentejo_2021__2.2.csv
5,8,2021,stage_1,tour-des-pays-de-savoie,2.2,05_August_2021__stage_1__tour-des-pays-de-savoie_2021__2.2.csv
17,8,2021,result,gp-stad-zottegem,1.1,17_August_2021__result__gp-stad-zottegem_2021__1.1.csv
28,8,2021,result,adriatic-race,1.2,28_August_2021__result__adriatic-race_2021__1.2.csv
3,9,2021,stage_1,paris-arras-tour,2.2,03_September_2021__stage_1__paris-arras-tour_2021__2.2.csv
4,9,2021,stage_2,paris-arras-tour,2.2,04_September_2021__stage_2__paris-arras-tour_2021__2.2.csv
5,9,2021,stage_3,paris-arras-tour,2.2,05_September_2021__stage_3__paris-arras-tour_2021__2.2.csv
29,9,2021,result,circuit-franco-belge,1.Pro,29_September_2021__result__circuit-franco-belge_2021__1.Pro.csv
8,4,2022,stage_3,circuit-des-ardennes,2.2,08_April_2022__stage_3__circuit-des-ardennes_2022__2.2.csv
9,4,2022,stage_4,circuit-des-ardennes,2.2,09_April_2022__stage_4__circuit-des-ardennes_2022__2.2.csv
13,4,2022,stage_1,banja-luka-belgrade-i,2.1,13_April_2022__stage_1__banja-luka-belgrade-i_2022__2.1.csv
14,4,2022,stage_2,banja-luka-belgrade-i,2.1,14_April_2022__stage_2__banja-luka-belgrade-i_2022__2.1.csv
15,4,2022,stage_3,banja-luka-belgrade-i,2.1,15_April_2022__stage_3__banja-luka-belgrade-i_2022__2.1.csv
16,4,2022,stage_4,banja-luka-belgrade-i,2.1,16_April_2022__stage_4__banja-luka-belgrade-i_2022__2.1.csv
17,4,2022,stage_5,banja-luka-belgrade-i,2.1,17_April_2022__stage_5__banja-luka-belgrade-i_2022__2.1.csv
17,4,2022,stage_8,tour-of-turkey,2.Pro,17_April_2022__stage_8__tour-of-turkey_2022__2.Pro.csv
20,5,2022,result,south-east-asian-games-itt,JR,20_May_2022__result__south-east-asian-games-itt_2022__JR.csv
21,5,2022,result,south-east-asian-games,JR,21_May_2022__result__south-east-asian-games_2022__JR.csv
4,6,2022,stage_1,tour-du-cameroun,2.2,04_June_2022__stage_1__tour-du-cameroun_2022__2.2.csv
5,6,2022,stage_2,tour-du-cameroun,2.2,05_June_2022__stage_2__tour-du-cameroun_2022__2.2.csv
6,6,2022,stage_3,tour-du-cameroun,2.2,06_June_2022__stage_3__tour-du-cameroun_2022__2.2.csv
7,6,2022,stage_4,tour-du-cameroun,2.2,07_June_2022__stage_4__tour-du-cameroun_2022__2.2.csv
8,6,2022,stage_5,tour-du-cameroun,2.2,08_June_2022__stage_5__tour-du-cameroun_2022__2.2.csv
9,6,2022,stage_6,tour-du-cameroun,2.2,09_June_2022__stage_6__tour-du-cameroun_2022__2.2.csv
11,6,2022,stage_7,tour-du-cameroun,2.2,11_June_2022__stage_7__tour-du-cameroun_2022__2.2.csv
12,6,2022,stage_8,tour-du-cameroun,2.2,12_June_2022__stage_8__tour-du-cameroun_2022__2.2.csv
24,6,2022,result,juegos-bolivarianos-me-itt,JR,24_June_2022__result__juegos-bolivarianos-me-itt_2022__JR.csv
26,6,2022,result,juegos-bolivarianos-me-road-race,JR,26_June_2022__result__juegos-bolivarianos-me-road-race_2022__JR.csv
30,6,2022,result,mediterranean-games-itt,JR,30_June_2022__result__mediterranean-games-itt_2022__JR.csv
2,7,2022,result,mersin-mediterranean-games,JR,02_July_2022__result__mersin-mediterranean-games_2022__JR.csv
11,8,2022,result,islamic-solidarity-games-me-itt,JR,11_August_2022__result__islamic-solidarity-games-me-itt_2022__JR.csv
13,8,2022,result,islamic-solidarity-games-me-road-race,JR,13_August_2022__result__islamic-solidarity-games-me-road-race_2022__JR.csv
23,8,2022,result,gp-stad-zottegem,1.1,23_August_2022__result__gp-stad-zottegem_2022__1.1.csv
25,8,2022,stage_4,tour-du-poitou-charentes-et-de-la-vienne,2.1,25_August_2022__stage_4__tour-du-poitou-charentes-et-de-la-vienne_2022__2.1.csv
13,9,2022,prologue,okolo-slovenska,2.1,13_September_2022__Prologue__okolo-slovenska_2022__2.1.csv
14,9,2022,stage_1,okolo-slovenska,2.1,14_September_2022__stage_1__okolo-slovenska_2022__2.1.csv
15,9,2022,stage_2,okolo-slovenska,2.1,15_September_2022__stage_2__okolo-slovenska_2022__2.1.csv
16,9,2022,stage_3,okolo-slovenska,2.1,16_September_2022__stage_3__okolo-slovenska_2022__2.1.csv
17,9,2022,stage_4,okolo-slovenska,2.1,17_September_2022__stage_4__okolo-slovenska_2022__2.1.csv
3,10,2022,result,juegos-suramericanos-itt,1.2,03_October_2022__result__juegos-suramericanos-itt_2022__1.2.csv
4,10,2022,stage_1,international-syrian-tour,2.2,04_October_2022__stage_1__international-syrian-tour_2022__2.2.csv
5,10,2022,stage_2,international-syrian-tour,2.2,05_October_2022__stage_2__international-syrian-tour_2022__2.2.csv
5,10,2022,result,juegos-suramericanos-road-race,1.2,05_October_2022__result__juegos-suramericanos-road-race_2022__1.2.csv
6,10,2022,stage_3,international-syrian-tour,2.2,06_October_2022__stage_3__international-syrian-tour_2022__2.2.csv
7,10,2022,stage_4,international-syrian-tour,2.2,07_October_2022__stage_4__international-syrian-tour_2022__2.2.csv
22,10,2022,result,elite-road-caribbean-championships-itt,1.2,22_October_2022__result__elite-road-caribbean-championships-itt_2022__1.2.csv
23,10,2022,result,elite-road-caribbean-championships-road-race,1.2,23_October_2022__result__elite-road-caribbean-championships-road-race_2022__1.2.csv
3,11,2022,result,gp-sakia-el-hamra,1.2,03_November_2022__result__gp-sakia-el-hamra_2022__1.2.csv
5,11,2022,result,gp-oued-eddahab,1.2,05_November_2022__result__gp-oued-eddahab_2022__1.2.csv
6,11,2022,result,gp-al-massira,1.2,06_November_2022__result__gp-al-massira_2022__1.2.csv
23,12,2022,result,arab-road-cycling-championships-road-race,JR,23_December_2022__result__arab-road-cycling-championships-road-race_2022__JR.csv
14,4,2023,result,elite-road-central-american-championships-mu-itt,1.2U,14_April_2023__result__elite-road-central-american-championships-mu-itt_2023__1.2U.csv
14,4,2023,result,elite-road-central-american-championships-itt,1.2,14_April_2023__result__elite-road-central-american-championships-itt_2023__1.2.csv
15,4,2023,result,elite-road-central-american-championships-mu-irr,1.2,15_April_2023__result__elite-road-central-american-championships-mu-irr_2023__1.2.csv
16,4,2023,result,elite-road-central-american-championships-road-rac,1.2,16_April_2023__result__elite-road-central-american-championships-road-rac_2023__1.2.csv
10,5,2023,result,the-tour-oqtosh-chorvoq-mountain,1.2,10_May_2023__result__the-tour-oqtosh-chorvoq-mountain_2023__1.2.csv
11,5,2023,result,the-tour-oqtosh-chorvoq-mountain-ii,1.2,11_May_2023__result__the-tour-oqtosh-chorvoq-mountain-ii_2023__1.2.csv
12,5,2023,result,south-east-asian-games,JR,12_May_2023__result__south-east-asian-games_2023__JR.csv
13,5,2023,result,tour-of-bostonliq,1.2,13_May_2023__result__tour-of-bostonliq_2023__1.2.csv
14,5,2023,result,tour-of-bostonliq-ii,1.2,14_May_2023__result__tour-of-bostonliq-ii_2023__1.2.csv
14,5,2023,stage_5,tour-de-hongrie,2.Pro,14_May_2023__stage_5__tour-de-hongrie_2023__2.Pro.csv
17,5,2023,stage_1,tour-of-konya,2.2,17_May_2023__stage_1__tour-of-konya_2023__2.2.csv
18,5,2023,stage_2,tour-of-konya,2.2,18_May_2023__stage_2__tour-of-konya_2023__2.2.csv
19,5,2023,stage_3,tour-of-konya,2.2,19_May_2023__stage_3__tour-of-konya_2023__2.2.csv
20,5,2023,stage_4,tour-of-konya,2.2,20_May_2023__stage_4__tour-of-konya_2023__2.2.csv
26,5,2023,stage_2,gp-internacional-beiras-e-serra-da-estrela,2.2,26_May_2023__stage_2__gp-internacional-beiras-e-serra-da-estrela_2023__2.2.csv
27,5,2023,stage_3,gp-internacional-beiras-e-serra-da-estrela,2.2,27_May_2023__stage_3__gp-internacional-beiras-e-serra-da-estrela_2023__2.2.csv
27,5,2023,result,grote-prijs-marcel-kint,1.1,27_May_2023__result__grote-prijs-marcel-kint_2023__1.1.csv
28,5,2023,stage_4,gp-internacional-beiras-e-serra-da-estrela,2.2,28_May_2023__stage_4__gp-internacional-beiras-e-serra-da-estrela_2023__2.2.csv
16,6,2023,prologue,tour-du-pays-de-montbeliard,2.2,16_June_2023__Prologue__tour-du-pays-de-montbeliard_2023__2.2.csv
16,6,2023,stage_6,tour-de-suisse,2.UWT,16_June_2023__stage_6__tour-de-suisse_2023__2.UWT.csv
17,6,2023,stage_1,tour-du-pays-de-montbeliard,2.2,17_June_2023__stage_1__tour-du-pays-de-montbeliard_2023__2.2.csv
18,6,2023,stage_2,tour-du-pays-de-montbeliard,2.2,18_June_2023__stage_2__tour-du-pays-de-montbeliard_2023__2.2.csv
5,7,2023,result,juegos-deportivos-centroamericanos-y-del-carbie-it,JR,05_July_2023__result__juegos-deportivos-centroamericanos-y-del-carbie-it_2023__JR.csv
7,7,2023,result,juegos-deportivos-centroamericanos-y-del-carbie,JR,07_July_2023__result__juegos-deportivos-centroamericanos-y-del-carbie_2023__JR.csv
8,7,2023,result,grand-prix-erciyes-mimar-sinan-me,1.2,08_July_2023__result__grand-prix-erciyes-mimar-sinan-me_2023__1.2.csv
9,7,2023,result,arab-sports-games-me-ttt,JR,09_July_2023__result__arab-sports-games-me-ttt_2023__JR.csv
9,7,2023,stage_5,sibiu-cycling-tour,2.1,09_July_2023__stage_5__sibiu-cycling-tour_2023__2.1.csv
11,7,2023,result,arab-sports-games-me-itt,JR,11_July_2023__result__arab-sports-games-me-itt_2023__JR.csv
14,7,2023,result,arab-sports-games-me-road-race,JR,14_July_2023__result__arab-sports-games-me-road-race_2023__JR.csv
30,7,2023,result,jeux-de-la-francophonie,JR,30_July_2023__result__jeux-de-la-francophonie_2023__JR.csv
30,7,2023,result,grand-prix-altinkale,1.2,30_July_2023__result__grand-prix-altinkale_2023__1.2.csv
20,8,2023,result,gp-stad-zottegem,1.1,20_August_2023__result__gp-stad-zottegem_2023__1.1.csv
26,8,2023,result,tour-of-kandovan,1.2,26_August_2023__result__tour-of-kandovan_2023__1.2.csv
8,9,2023,stage_1,tour-de-hokkaido,2.2,08_September_2023__stage_1__tour-de-hokkaido_2023__2.2.csv
14,10,2023,result,elite-road-caribbean-championships-itt,1.2,14_October_2023__result__elite-road-caribbean-championships-itt_2023__1.2.csv
15,10,2023,result,elite-road-caribbean-championships-road-race,1.2,15_October_2023__result__elite-road-caribbean-championships-road-race_2023__1.2.csv
18,12,2023,result,arab-road-cycling-championships-me-ttt,JR,18_December_2023__result__arab-road-cycling-championships-me-ttt_2023__JR.csv
20,12,2023,result,arab-road-cycling-championships-me-itt,JR,20_December_2023__result__arab-road-cycling-championships-me-itt_2023__JR.csv
22,12,2023,result,arab-road-cycling-championships-road-race,JR,22_December_2023__result__arab-road-cycling-championships-road-race_2023__JR.csv
9,3,2024,result,rhodes-gp,1.2,09_March_2024__result__rhodes-gp_2024__1.2.csv
28,4,2024,stage_8,tour-of-turkey,2.Pro,28_April_2024__stage_8__tour-of-turkey_2024__2.Pro.csv
16,5,2024,prologue,tour-of-konya,2.2,16_May_2024__Prologue__tour-of-konya_2024__2.2.csv
17,5,2024,stage_1,tour-of-konya,2.2,17_May_2024__stage_1__tour-of-konya_2024__2.2.csv
18,5,2024,stage_2,tour-of-konya,2.2,18_May_2024__stage_2__tour-of-konya_2024__2.2.csv
19,5,2024,stage_3,tour-of-konya,2.2,19_May_2024__stage_3__tour-of-konya_2024__2.2.csv
21,5,2024,stage_1,tour-du-mali,2.2,21_May_2024__stage_1__tour-du-mali_2024__2.2.csv
22,5,2024,stage_2,tour-du-mali,2.2,22_May_2024__stage_2__tour-du-mali_2024__2.2.csv
23,5,2024,stage_3,tour-du-mali,2.2,23_May_2024__stage_3__tour-du-mali_2024__2.2.csv
24,5,2024,stage_4,tour-du-mali,2.2,24_May_2024__stage_4__tour-du-mali_2024__2.2.csv
25,5,2024,stage_5,tour-du-mali,2.2,25_May_2024__stage_5__tour-du-mali_2024__2.2.csv
26,5,2024,stage_6,tour-du-mali,2.2,26_May_2024__stage_6__tour-du-mali_2024__2.2.csv
27,5,2024,stage_1,tour-of-bostonliq,2.2,27_May_2024__stage_1__tour-of-bostonliq_2024__2.2.csv
28,5,2024,stage_2,tour-of-bostonliq,2.2,28_May_2024__stage_2__tour-of-bostonliq_2024__2.2.csv
29,5,2024,stage_3,tour-of-bostonliq,2.2,29_May_2024__stage_3__tour-of-bostonliq_2024__2.2.csv
4,6,2024,stage_4,tour-du-cameroun,2.2,04_June_2024__stage_4__tour-du-cameroun_2024__2.2.csv
4,6,2024,stage_5,tour-du-maroc,2.2,04_June_2024__stage_5__tour-du-maroc_2024__2.2.csv
5,6,2024,stage_5,tour-du-cameroun,2.2,05_June_2024__stage_5__tour-du-cameroun_2024__2.2.csv
5,6,2024,stage_6,tour-du-maroc,2.2,05_June_2024__stage_6__tour-du-maroc_2024__2.2.csv
6,6,2024,stage_7,tour-du-maroc,2.2,06_June_2024__stage_7__tour-du-maroc_2024__2.2.csv
6,6,2024,stage_6,tour-du-cameroun,2.2,06_June_2024__stage_6__tour-du-cameroun_2024__2.2.csv
6,6,2024,result,elite-road-central-american-championships-itt,1.2,06_June_2024__result__elite-road-central-american-championships-itt_2024__1.2.csv
7,6,2024,result,elite-road-central-american-championships-me-ttt,1.2,07_June_2024__result__elite-road-central-american-championships-me-ttt_2024__1.2.csv
7,6,2024,stage_8,tour-du-maroc,2.2,07_June_2024__stage_8__tour-du-maroc_2024__2.2.csv
7,6,2024,stage_7,tour-du-cameroun,2.2,07_June_2024__stage_7__tour-du-cameroun_2024__2.2.csv
8,6,2024,stage_9,tour-du-maroc,2.2,08_June_2024__stage_9__tour-du-maroc_2024__2.2.csv
8,6,2024,stage_8,tour-du-cameroun,2.2,08_June_2024__stage_8__tour-du-cameroun_2024__2.2.csv
9,6,2024,result,elite-road-central-american-championships-road-rac,1.2,09_June_2024__result__elite-road-central-american-championships-road-rac_2024__1.2.csv
9,6,2024,stage_10,tour-du-maroc,2.2,09_June_2024__stage_10__tour-du-maroc_2024__2.2.csv
9,6,2024,stage_9,tour-du-cameroun,2.2,09_June_2024__stage_9__tour-du-cameroun_2024__2.2.csv
27,6,2024,stage_2,okolo-slovenska,2.1,27_June_2024__stage_2__okolo-slovenska_2024__2.1.csv
29,6,2024,result,championnat-des-iles-de-l-ocean-indien-me-ttt,JR,29_June_2024__result__championnat-des-iles-de-l-ocean-indien-me-ttt_2024__JR.csv
30,6,2024,result,championnat-des-iles-de-l-ocean-indien,1.2,30_June_2024__result__championnat-des-iles-de-l-ocean-indien_2024__1.2.csv
3,7,2024,result,championnat-des-iles-de-l-ocean-indien2,1.2,03_July_2024__result__championnat-des-iles-de-l-ocean-indien2_2024__1.2.csv
27,7,2024,result,olympic-games-itt,Olympics,27_July_2024__result__olympic-games-itt_2024__Olympics.csv
15,9,2024,result,gp-de-la-ville-de-nogent-sur-oise,1.2,15_September_2024__result__gp-de-la-ville-de-nogent-sur-oise_2024__1.2.csv
5,10,2024,result,tour-de-batam,1.2,05_October_2024__result__tour-de-batam_2024__1.2.csv
1,11,2024,stage_1,tour-do-rio,2.2,01_November_2024__stage_1__tour-do-rio_2024__2.2.csv
2,11,2024,stage_2,tour-do-rio,2.2,02_November_2024__stage_2__tour-do-rio_2024__2.2.csv
2,11,2024,result,elite-road-caribbean-championships-itt,1.2,02_November_2024__result__elite-road-caribbean-championships-itt_2024__1.2.csv
3,11,2024,stage_3,tour-do-rio,2.2,03_November_2024__stage_3__tour-do-rio_2024__2.2.csv
3,11,2024,result,elite-road-caribbean-championships-road-race,1.2,03_November_2024__result__elite-road-caribbean-championships-road-race_2024__1.2.csv
1,2,2025,result,trofeo-pollenca-port-d-andratx,1.1,01_February_2025__result__trofeo-pollenca-port-d-andratx_2025__1.1.csv
8,2,2025,result,grand-prix-aspendos,1.2,08_February_2025__result__grand-prix-aspendos_2025__1.2.csv
2,3,2025,stage_7,tour-of-rwanda,2.1,02_March_2025__stage_7__tour-of-rwanda_2025__2.1.csv
8,3,2025,result,rhodes-gp,1.2,08_March_2025__result__rhodes-gp_2025__1.2.csv
4,4,2025,stage_3,tour-of-hellas,2.1,04_April_2025__stage_3__tour-of-hellas_2025__2.1.csv
1,5,2025,stage_5,tour-of-turkey,2.Pro,01_May_2025__stage_5__tour-of-turkey_2025__2.Pro.csv
17,5,2025,result,raceseo-1749389130,1.2,17_May_2025__result__raceseo-1749389130_2025__1.2.csv
14,9,2025,stage_21,vuelta-a-espana,2.UWT,14_September_2025__stage_21__vuelta-a-espana_2025__2.UWT.csv
17,10,2025,stage_3,tour-of-holland,2.1,17_October_2025__stage_3__tour-of-holland_2025__2.1.csv
18,10,2025,result,juegos-centroamericanos-ordeca-me-itt,1.2,18_October_2025__result__juegos-centroamericanos-ordeca-me-itt_2025__1.2.csv
19,10,2025,result,juegos-centroamericanos-ordeca-me-irr,1.2,19_October_2025__result__juegos-centroamericanos-ordeca-me-irr_2025__1.2.csv
