fichier_gpx,route_url,road_km,street_km,state_road_km,cycleway_km,off-grid_(unknown)_km,access_road_km,asphalt_km,paved_km,cobblestones_km,unknown_km,path_km,unpaved_km,singletrack_km,compacted_gravel_km,_km,alpine_km
2017 99a Coppa Bernocchi - 42o GP BPM.gpx,https://www.komoot.com/tour/2969336485,177.0,12.0,5.64,1.95,0.44,0.253,186.0,7.83,3.05,0.205,0.0,0.0,0.0,0.0,0.0,0.0
2017 ACC Asian Road Championships - ITT.gpx,https://www.komoot.com/tour/2969337169,10.0,1.8,0.0,0.0,13.9,0.0,7.27,3.05,0.0,15.5,0.0,0.0,0.0,0.0,0.0,0.0
2017 ACC Asian Road Championships - TTT.gpx,https://www.komoot.com/tour/2969337776,15.0,2.7,0.0,0.0,20.9,0.0,10.9,4.58,0.0,23.2,0.0,0.0,0.0,0.0,0.0,0.0
2017 ACC Asian Road Championships.gpx,https://www.komoot.com/tour/2969338489,35.0,6.31,0.0,0.0,48.9,0.0,25.4,10.7,0.0,54.3,0.126,0.0,0.0,0.0,0.0,0.0
2017 Abu Dhabi Tour Stage 1.gpx,https://www.komoot.com/tour/2969339560,28.0,0.742,13.8,0.0,104.0,0.0,34.1,7.68,0.0,106.0,1.4,0.0,0.0,0.0,0.0,0.0
2017 Abu Dhabi Tour Stage 2.gpx,https://www.komoot.com/tour/2969340592,58.1,2.97,7.47,6.75,33.4,0.0,67.1,9.8,4.14,34.5,6.96,0.0,0.0,0.0,0.0,0.0
2017 Abu Dhabi Tour Stage 3.gpx,https://www.komoot.com/tour/2969341332,42.0,0.787,105.0,0.0,1.84,0.323,145.0,2.4,0.189,2.49,1.03,0.0,0.0,0.0,0.0,0.0
2017 Abu Dhabi Tour Stage 4.gpx,https://www.komoot.com/tour/2969342083,0.0,0.623,0.0,0.0,139.0,0.0,0.0,4.83,0.0,140.0,4.83,0.0,0.0,0.0,0.0,0.0
2017 Amgen Tour of California Stage 1.gpx,https://www.komoot.com/tour/2969342656,153.0,0.819,1.16,12.2,1.38,0.0,162.0,4.29,0.0,1.44,0.582,0.582,0.0,0.0,0.0,0.0
2017 Amgen Tour of California Stage 2.gpx,https://www.komoot.com/tour/2969343314,123.0,0.0,14.6,4.05,1.04,0.0,135.0,6.86,0.0,0.68,0.0,0.0,0.0,0.0,0.0,0.0
2017 Amgen Tour of California Stage 3.gpx,https://www.komoot.com/tour/2969344194,78.0,11.7,60.7,36.0,0.311,0.0,168.0,20.1,0.0,0.311,0.0,0.0,0.0,0.0,0.0,0.0
2017 Amgen Tour of California Stage 4.gpx,https://www.komoot.com/tour/2969344888,58.8,11.6,78.4,6.41,2.81,0.0,143.0,12.6,0.0,2.93,0.141,0.141,0.0,0.0,0.0,0.0
2017 Amgen Tour of California Stage 5.gpx,https://www.komoot.com/tour/2969345457,113.0,0.24,2.45,8.56,0.224,0.0,62.4,62.0,0.0,0.379,0.0,0.0,0.0,0.0,0.0,0.0
2017 Amgen Tour of California Stage 6.gpx,https://www.komoot.com/tour/2969345854,15.9,5.54,0.464,2.38,0.0,0.0,23.7,0.725,0.0,0.0,0.15,0.0,0.0,0.0,0.0,0.0
2017 Amgen Tour of California Stage 7.gpx,https://www.komoot.com/tour/2969346596,72.1,0.0,34.9,20.9,0.771,0.0,126.0,1.9,0.0,0.774,0.188,0.0,0.0,0.0,0.0,0.0
2017 Amstel Gold Race.gpx,https://www.komoot.com/tour/2969347405,114.0,9.0,0.0,89.8,1.86,0.0,235.0,17.6,5.98,2.61,1.68,0.257,0.184,0.14,0.0,0.0
2017 Arctic Race of Norway Stage 1.gpx,https://www.komoot.com/tour/2969347928,37.8,5.12,112.0,0.0,1.32,0.0,150.0,4.99,0.0,1.32,0.304,0.0,0.0,0.0,0.0,0.0
2017 Arctic Race of Norway Stage 2.gpx,https://www.komoot.com/tour/2969348307,29.3,8.89,122.0,0.0,24.0,0.0,151.0,0.0,0.0,32.9,0.0,0.0,0.0,0.0,0.0,0.0
2017 Arctic Race of Norway Stage 3.gpx,https://www.komoot.com/tour/2969348774,52.8,0.85,126.0,0.0,5.78,0.0,179.0,0.0,0.0,2.99,0.151,0.0,0.0,0.0,0.0,0.0
2017 Arctic Race of Norway Stage 4.gpx,https://www.komoot.com/tour/2969349879,74.9,8.0,75.4,1.95,0.0,0.0,158.0,1.14,0.712,0.151,0.151,0.0,0.0,0.0,0.0,0.0
2017 Arnhem-Veenendaal Classic.gpx,https://www.komoot.com/tour/2969351197,90.4,11.8,4.18,61.1,7.86,0.0,150.0,29.6,10.3,8.56,4.41,1.43,0.121,0.0,0.0,0.0
2017 Australian Road National Championships - ITT.gpx,https://www.komoot.com/tour/2969352015,40.8,0.0,0.0,0.0,0.0,0.0,0.0,40.8,0.0,0.0,0.0,0.0,0.0,0.0,0.0,0.0
2017 Australian Road National Championships.gpx,https://www.komoot.com/tour/2969352765,144.0,0.0,27.3,12.1,0.0,0.0,25.5,158.0,0.0,0.0,0.0,0.0,0.0,0.0,0.0,0.0
2017 Austrian Road National Championships - ITT.gpx,https://www.komoot.com/tour/2969353549,27.3,0.0,0.0,0.0,0.0,0.0,27.5,0.0,0.0,0.0,0.395,0.226,0.0,0.0,0.0,0.0
2017 Austrian Road National Championships.gpx,https://www.komoot.com/tour/2969354078,105.0,4.03,58.5,8.1,0.0,0.0,165.0,7.29,2.69,0.0,0.0,0.0,0.0,0.0,0.0,0.0
2017 Baloise Belgium Tour Stage 1.gpx,https://www.komoot.com/tour/2969354748,37.8,18.9,0.15,106.0,0.258,0.0,107.0,62.5,7.63,1.15,0.587,0.237,0.12,0.55,0.0,0.0
2017 Baloise Belgium Tour Stage 2.gpx,https://www.komoot.com/tour/2969355456,71.6,8.31,0.419,93.8,0.223,0.0,112.0,81.1,5.62,1.33,0.0,0.0,0.0,0.0,0.0,0.0
2017 Baloise Belgium Tour Stage 3.gpx,https://www.komoot.com/tour/2969355996,4.96,0.0,0.0,7.28,0.0,0.0,6.75,6.51,0.0,1.08,0.0,0.0,0.0,0.0,0.0,0.0
2017 Baloise Belgium Tour Stage 4.gpx,https://www.komoot.com/tour/2969356613,127.0,13.0,21.4,3.24,2.87,0.0,150.0,14.4,0.626,3.01,0.324,0.0,0.0,0.0,0.0,0.0
2017 Baloise Belgium Tour Stage 5.gpx,https://www.komoot.com/tour/2969357131,70.7,11.1,11.7,50.2,0.284,0.0,96.5,63.4,9.28,0.544,0.322,0.0,0.552,0.0,0.0,0.0
2017 Belgian Road National Championships.gpx,https://www.komoot.com/tour/2969358590,9.99,63.1,0.199,91.6,8.94,0.175,117.0,71.2,37.0,13.3,2.78,0.0,0.0,0.532,0.0,0.0
2017 Binche - Chimay - Binche (Memorial Frank Vandenbroucke).gpx,https://www.komoot.com/tour/2969359381,84.9,8.43,88.4,13.6,0.0,0.0,179.0,11.6,4.2,0.833,0.0,0.0,0.0,0.0,0.0,0.0
2017 BinckBank Tour Stage 1.gpx,https://www.komoot.com/tour/2969360237,24.8,6.56,4.26,38.7,11.3,0.0,127.0,30.6,8.06,12.2,2.64,2.75,0.978,0.0,0.0,0.0
2017 BinckBank Tour Stage 2.gpx,https://www.komoot.com/tour/2969360908,1.08,1.06,0.0,6.11,0.0,0.0,6.74,0.187,1.94,0.0,0.0,0.0,0.0,0.0,0.0,0.0
2017 BinckBank Tour Stage 3.gpx,https://www.komoot.com/tour/2969361527,51.2,6.17,4.81,108.0,0.0,0.0,128.0,58.7,5.18,0.803,0.836,0.516,0.0,0.0,0.0,0.0
2017 BinckBank Tour Stage 4.gpx,https://www.komoot.com/tour/2969362247,20.7,35.2,0.0,70.9,0.0,0.0,100.0,50.2,2.52,0.141,0.725,0.583,0.0,0.0,0.0,0.0
2017 BinckBank Tour Stage 5.gpx,https://www.komoot.com/tour/2969363863,0.0,0.0,0.0,0.0,0.0,0.0,0.0,0.0,4.11,5.2,0.0,0.137,0.0,0.0,0.0,0.0
2017 BinckBank Tour Stage 6.gpx,https://www.komoot.com/tour/2969364334,0.0,0.0,0.0,0.0,0.0,0.0,0.0,0.0,0.608,0.507,0.0,1.88,0.0,0.0,0.0,0.0
2017 BinckBank Tour Stage 7.gpx,https://www.komoot.com/tour/2969364888,0.0,0.0,0.0,0.0,0.0,0.0,111.0,71.6,7.32,3.94,0.0,0.431,0.0,0.0,0.0,0.0
2017 Boucles de l'Aulne - Chateaulin.gpx,https://www.komoot.com/tour/2969365470,0.0,0.0,0.0,0.0,0.0,0.0,158.0,14.2,0.616,0.0,0.0,0.0,0.0,0.0,0.0,0.0
2017 Boucles de la Mayenne Prologue.gpx,https://www.komoot.com/tour/2969369918,0.0,0.0,0.0,0.0,0.0,0.0,0.0,0.0,0.0,0.0,0.0,0.0,0.0,0.0,0.0,0.0
2017 Boucles de la Mayenne Stage 1.gpx,https://www.komoot.com/tour/2969370626,0.0,0.0,0.0,0.0,0.0,0.0,0.0,0.0,0.109,0.0,0.0,0.0,0.0,0.0,0.0,0.0
2017 Boucles de la Mayenne Stage 2.gpx,https://www.komoot.com/tour/2969371049,0.0,0.0,0.0,0.0,0.0,0.0,0.0,0.0,0.0,0.0,0.0,0.0,0.0,0.0,0.0,0.0
2017 Boucles de la Mayenne Stage 3.gpx,https://www.komoot.com/tour/2969371572,0.0,0.0,0.0,0.0,0.0,0.0,0.0,0.0,0.0,0.0,0.0,0.0,0.0,0.0,0.0,0.0
2017 Bretagne Classic - Ouest France.gpx,https://www.komoot.com/tour/2969379733,229.0,0.602,10.3,1.76,0.954,0.0,203.0,38.4,0.0,0.954,0.128,0.905,0.777,0.0,0.0,0.0
2017 Brussels Cycling Classic.gpx,https://www.komoot.com/tour/2969380468,96.6,27.8,9.74,58.2,0.0,0.0,146.0,51.4,4.66,0.245,1.71,0.0,0.0,1.03,0.0,0.0
2017 CAC African Road Championships - ITT.gpx,https://www.komoot.com/tour/2969381009,0.0,0.0,28.9,0.0,1.97,0.0,28.9,0.0,0.0,1.56,0.0,0.0,0.0,0.0,0.0,0.0
2017 CAC African Road Championships - TTT.gpx,https://www.komoot.com/tour/2969381635,0.248,0.0,19.0,0.0,0.0,0.0,19.2,0.0,0.0,0.0,0.0,0.0,0.0,0.0,0.0,0.0
2017 CAC African Road Championships.gpx,https://www.komoot.com/tour/2969382261,0.0,0.0,99.4,0.0,6.88,0.0,99.4,0.0,0.0,6.56,0.0,0.0,0.0,0.0,0.0,0.0
2017 COPACI Campeonato Panamericano de Ruta - ITT.gpx,https://www.komoot.com/tour/2969382900,39.7,0.0,0.0,0.0,0.0,0.0,39.7,0.208,0.0,0.26,0.504,0.0,0.0,0.0,0.0,0.0
2017 COPACI Campeonato Panamericano de Ruta.gpx,https://www.komoot.com/tour/2969383598,89.4,0.0,0.0,0.0,0.0,0.0,89.4,0.516,0.0,0.63,1.18,0.0,0.0,0.0,0.0,0.0
2017 Cadel Evans Great Ocean Road Race.gpx,https://www.komoot.com/tour/2969384389,75.5,0.683,8.41,28.8,0.0,0.0,90.0,23.4,0.0,0.0,0.0,0.0,0.0,0.0,0.0,0.0
2017 Canadian Road National Championships - ITT.gpx,https://www.komoot.com/tour/2969384998,36.8,0.0,0.0,0.0,0.0,0.0,36.8,0.0,0.0,0.0,0.0,0.0,0.0,0.0,0.0,0.0
2017 Canadian Road National Championships.gpx,https://www.komoot.com/tour/2969386200,42.4,1.57,106.0,9.02,0.0,0.0,159.0,0.0,0.0,0.0,0.0,0.0,0.0,0.0,0.0,0.0
2017 Carrefour Market Heistse Pijl.gpx,https://www.komoot.com/tour/2969387039,11.3,14.1,0.0,148.0,1.31,0.0,84.0,100.0,5.27,1.54,0.177,0.419,0.239,0.0,0.0,0.0
2017 Chrono des Nations.gpx,https://www.komoot.com/tour/2969387586,37.7,0.0,9.17,2.44,0.177,0.0,46.5,2.76,0.0,0.0,0.0,0.0,0.0,0.0,0.0,0.0
2017 Circuit Cycliste Sarthe - Pays de la Loire Stage 1.gpx,https://www.komoot.com/tour/2969388519,165.0,1.2,0.86,5.91,0.0,0.197,154.0,19.7,0.0,0.197,0.141,0.0,0.0,0.0,0.0,0.0
2017 Circuit Cycliste Sarthe - Pays de la Loire Stage 2-1.gpx,https://www.komoot.com/tour/2969389195,82.0,7.33,0.0,9.1,0.0,0.0,96.2,2.48,0.41,0.0,0.572,0.0,0.0,0.0,0.0,0.0
2017 Circuito de Getxo - Memorial Ricardo Otxoa.gpx,https://www.komoot.com/tour/2969390355,68.7,45.5,16.7,38.9,0.0,0.28,142.0,28.6,2.44,0.67,3.13,0.0,0.0,0.0,0.0,0.0
2017 Clasica Ciclista San Sebastian.gpx,https://www.komoot.com/tour/2969391421,163.0,8.09,43.5,7.93,10.7,0.0,221.0,2.08,0.87,10.9,1.71,0.0,0.0,0.0,0.0,0.0
2017 Clasica de Almeria.gpx,https://www.komoot.com/tour/2969392200,144.0,5.75,35.3,0.651,4.81,0.0,174.0,13.4,0.0,5.24,1.84,0.331,0.0,0.0,0.0,0.0
2017 Classic Loire Atlantique.gpx,https://www.komoot.com/tour/2969392796,155.0,25.2,0.0,7.27,0.0,0.0,166.0,20.9,0.0,0.0,0.0,0.0,0.0,0.0,0.0,0.0
2017 Colombian Road National Championships - ITT.gpx,https://www.komoot.com/tour/2969393221,20.0,0.0,14.5,0.0,0.0,0.0,34.4,0.0,0.0,0.0,0.0,0.0,0.0,0.0,0.0,0.0
2017 Colorado Classic Stage 1.gpx,https://www.komoot.com/tour/2969395281,39.3,13.8,43.7,51.0,0.0,0.0,131.0,20.0,0.0,0.875,4.4,0.345,0.315,0.0,0.0,0.0
2017 Colorado Classic Stage 2.gpx,https://www.komoot.com/tour/2969395896,66.5,27.1,0.0,9.64,0.0,0.0,92.2,11.1,0.0,0.0,0.0,0.0,0.0,0.0,0.0,0.0
2017 Colorado Classic Stage 3.gpx,https://www.komoot.com/tour/2969396922,38.4,2.32,59.4,28.4,1.28,0.147,115.0,7.15,0.0,1.85,1.6,7.42,0.0,0.111,0.0,0.0
2017 Colorado Classic Stage 4.gpx,https://www.komoot.com/tour/2969398184,46.1,25.9,0.0,46.8,3.17,0.0,111.0,2.71,0.0,8.19,0.581,0.0,0.0,0.489,0.0,0.0
2017 Coppa Agostoni - Giro delle Brianze.gpx,https://www.komoot.com/tour/2969398823,189.0,6.44,0.267,2.05,0.0,0.0,167.0,31.4,0.0,0.0,0.153,0.0,0.0,0.0,0.0,0.0
2017 Coppa Sabatini.gpx,https://www.komoot.com/tour/2969399521,166.0,0.103,30.9,0.0,0.185,0.0,196.0,0.0,0.0,0.288,0.0,0.0,0.0,0.0,0.0,0.0
2017 Criterium du Dauphine Stage 1.gpx,https://www.komoot.com/tour/2969400124,153.0,7.86,7.19,2.14,0.0,0.0,163.0,6.33,0.0,0.203,0.0,0.0,0.0,0.0,0.0,0.0
2017 Criterium du Dauphine Stage 2.gpx,https://www.komoot.com/tour/2969400537,141.0,0.111,27.2,1.54,0.0,0.0,167.0,2.3,0.0,0.112,0.236,0.279,0.0,0.0,0.0,0.0
2017 Criterium du Dauphine Stage 3.gpx,https://www.komoot.com/tour/2969401073,147.0,0.0,32.6,4.53,1.47,0.0,183.0,1.26,0.0,1.47,0.0,0.0,0.0,0.0,0.0,0.0
2017 Criterium du Dauphine Stage 4.gpx,https://www.komoot.com/tour/2969401557,22.1,0.494,0.0,0.721,0.0,0.0,21.4,1.95,0.0,0.0,0.0,0.0,0.0,0.0,0.0,0.0
2017 Criterium du Dauphine Stage 5.gpx,https://www.komoot.com/tour/2969402116,168.0,1.82,1.76,3.24,0.201,0.215,169.0,6.24,0.0,0.416,0.102,0.198,0.0,0.0,0.0,0.0
2017 Criterium du Dauphine Stage 6.gpx,https://www.komoot.com/tour/2969402675,136.0,0.126,9.88,0.718,0.269,0.0,146.0,0.684,0.0,0.377,0.0,0.0,0.0,0.0,0.0,0.0
2017 Criterium du Dauphine Stage 7.gpx,https://www.komoot.com/tour/2969403211,104.0,0.244,20.6,42.9,0.176,0.199,165.0,2.1,0.0,0.178,0.122,0.0,0.0,0.0,0.0,0.0
2017 Criterium du Dauphine Stage 8.gpx,https://www.komoot.com/tour/2969403706,111.0,0.0,2.67,0.253,1.16,0.0,114.0,0.0,0.0,1.17,0.0,0.0,0.0,0.0,0.0,0.0
2017 Czech Cycling Tour Stage 1.gpx,https://www.komoot.com/tour/2969404138,17.5,0.966,0.0,0.0,0.0,0.0,17.5,1.01,0.0,0.0,0.0,0.0,0.0,0.0,0.0,0.0
2017 Czech Cycling Tour Stage 2.gpx,https://www.komoot.com/tour/2969404865,149.0,6.27,48.9,0.0,0.569,0.0,193.0,4.85,5.61,1.14,0.774,0.0,0.0,0.0,0.0,0.0
2017 Czech Cycling Tour Stage 3.gpx,https://www.komoot.com/tour/2969405768,154.0,5.09,25.8,1.09,0.0,0.0,181.0,1.85,3.21,0.257,0.362,0.0,0.0,0.0,0.0,0.0
2017 Czech Cycling Tour Stage 4.gpx,https://www.komoot.com/tour/2969406606,133.0,0.0,17.0,0.333,0.0,0.0,150.0,0.236,0.0,0.0,0.113,0.0,0.0,0.0,0.0,0.0
2017 Danilith - Nokere Koerse.gpx,https://www.komoot.com/tour/2969407176,116.0,7.72,0.198,62.9,1.33,0.0,153.0,26.2,12.4,1.33,0.0,0.226,0.226,0.0,0.0,0.0
2017 De Brabantse Pijl - La Fleche Brabanconne.gpx,https://www.komoot.com/tour/2969407978,68.9,25.9,21.0,85.5,1.51,0.0,133.0,67.4,3.4,1.51,0.0,0.0,0.0,0.0,0.0,0.0
2017 Druivenkoers - Overijse.gpx,https://www.komoot.com/tour/2969408677,28.7,72.8,13.6,73.9,2.38,0.0,101.0,81.6,9.16,2.38,0.958,0.958,0.0,0.0,0.0,0.0
2017 Dubai Tour Stage 1.gpx,https://www.komoot.com/tour/2969409608,58.0,2.8,44.0,7.2,65.6,0.0,96.7,4.6,5.1,71.4,6.23,3.04,0.0,3.04,0.0,0.0
2017 Dubai Tour Stage 2.gpx,https://www.komoot.com/tour/2969410454,29.4,3.99,56.7,0.0,97.4,0.0,84.8,3.57,0.821,84.9,0.53,0.516,0.263,0.0,0.0,0.0
2017 Dubai Tour Stage 3.gpx,https://www.komoot.com/tour/2969411143,31.1,6.13,22.3,8.39,132.0,0.0,51.6,14.4,0.0,109.0,2.03,0.404,0.0,0.0,0.0,0.0
2017 Dubai Tour Stage 5.gpx,https://www.komoot.com/tour/2969412359,33.4,3.52,60.0,2.22,21.4,0.0,92.9,5.15,4.01,23.7,5.34,0.0,0.0,0.0,0.0,0.0
2017 Dwars door West-Vlaanderen - Johan Museeuw Classic.gpx,https://www.komoot.com/tour/2969412989,117.0,5.56,1.62,73.1,0.0,0.0,101.0,99.4,8.17,0.256,0.0,0.0,0.0,0.0,0.0,0.0
2017 Dwars door het Hageland - Aarschot.gpx,https://www.komoot.com/tour/2969413757,61.8,21.2,0.24,83.9,0.117,0.0,56.2,109.0,9.28,0.243,22.2,10.8,0.444,8.25,0.0,0.0
2017 Elfstedenronde (Bruges Cycling Classic).gpx,https://www.komoot.com/tour/2969414432,68.1,18.9,9.58,80.6,3.76,0.184,111.0,69.7,12.9,5.05,0.433,0.346,0.0,0.0,0.0,0.0
2017 Eschborn-Frankfurt 'Rund um den Finanzplatz'.gpx,https://www.komoot.com/tour/2969415113,143.0,19.2,7.91,20.8,16.7,0.566,185.0,7.43,5.48,17.6,3.36,0.205,1.16,0.316,0.0,0.0
2017 Etoile de Besseges Stage 1.gpx,https://www.komoot.com/tour/2969415654,107.0,1.78,44.6,0.0,0.395,0.0,150.0,3.64,0.0,1.02,0.626,0.0,0.0,0.0,0.0,0.0
2017 Etoile de Besseges Stage 2.gpx,https://www.komoot.com/tour/2969416309,122.0,0.57,26.1,3.22,0.777,0.0,141.0,9.78,0.0,1.37,0.0,0.0,0.0,0.0,0.0,0.0
2017 Etoile de Besseges Stage 3.gpx,https://www.komoot.com/tour/2969416862,120.0,2.7,22.9,0.0,7.11,0.0,144.0,1.47,0.0,7.11,0.0,0.0,0.0,0.0,0.0,0.0
2017 Etoile de Besseges Stage 4.gpx,https://www.komoot.com/tour/2969417374,115.0,12.2,26.7,0.463,0.0,0.0,141.0,12.7,0.0,0.0,0.0,0.0,0.0,0.0,0.0,0.0
2017 Etoile de Besseges Stage 5.gpx,https://www.komoot.com/tour/2969417956,3.65,0.311,7.26,0.682,0.0,0.0,11.8,0.158,0.0,0.0,0.0,0.0,0.0,0.0,0.0,0.0
2017 Euroeyes Cyclassics.gpx,https://www.komoot.com/tour/2969419120,99.6,5.89,13.0,66.5,9.0,0.0,165.0,42.0,2.59,9.43,2.36,1.29,0.941,0.144,0.0,0.0
2017 Famenne Ardenne Classic.gpx,https://www.komoot.com/tour/2969419613,159.0,5.84,18.2,11.6,0.0,0.0,190.0,2.32,2.43,0.206,0.0,0.0,0.0,0.0,0.0,0.0
2017 Faun Environnement - Classic de l'Ardeche Rhone Crussol.gpx,https://www.komoot.com/tour/2969420280,149.0,0.0,42.6,14.6,1.52,0.0,184.0,22.2,0.0,1.52,0.0,0.0,0.0,0.0,0.0,0.0
2017 GP Beiras e Serra da Estrela Stage 1.gpx,https://www.komoot.com/tour/2969420906,72.9,4.17,117.0,3.44,1.15,0.0,185.0,7.3,5.08,1.3,0.0,0.0,0.0,0.0,0.0,0.0
2017 GP Beiras e Serra da Estrela Stage 2.gpx,https://www.komoot.com/tour/2969421433,110.0,6.5,75.2,0.0,0.0,0.0,178.0,11.0,3.48,0.0,0.0,0.0,0.0,0.0,0.0,0.0
2017 GP Beiras e Serra da Estrela Stage 3.gpx,https://www.komoot.com/tour/2969422009,84.4,1.01,76.4,0.0,0.89,0.0,135.0,25.7,0.819,1.0,0.0,0.0,0.0,0.0,0.0,0.0
2017 GP Industria & Artigianato.gpx,https://www.komoot.com/tour/2969422530,171.0,1.71,23.6,0.0,0.0,0.0,163.0,32.9,0.0,0.29,0.0,0.0,0.0,0.0,0.0,0.0
2017 GP Stad Zottegem.gpx,https://www.komoot.com/tour/2969422974,102.0,12.0,4.15,75.9,0.0,0.0,109.0,82.0,8.47,5.64,0.0,0.0,0.0,0.0,0.0,0.0
2017 German Road National Championships.gpx,https://www.komoot.com/tour/2969465235,153.0,6.29,16.1,32.5,7.55,0.0,194.0,11.9,1.42,7.96,0.443,0.0,0.0,0.0,0.0,0.0
2017 Giro Ciclistico d'Italia Stage 1.gpx,https://www.komoot.com/tour/2969466021,117.0,0.549,6.82,2.05,1.97,0.0,123.0,3.58,0.0,2.18,0.0,0.0,0.0,0.0,0.0,0.0
2017 Giro Ciclistico d'Italia Stage 2.gpx,https://www.komoot.com/tour/2969466568,125.0,4.18,18.9,0.684,0.0,0.0,149.0,0.0,0.0,0.0,0.0,0.0,0.0,0.0,0.0,0.0
2017 Giro Ciclistico d'Italia Stage 3.gpx,https://www.komoot.com/tour/2969467130,119.0,1.67,18.5,1.09,0.0,0.0,138.0,1.69,0.0,0.17,0.471,0.0,0.0,0.0,0.0,0.0
2017 Giro Ciclistico d'Italia Stage 4.gpx,https://www.komoot.com/tour/2969467803,129.0,0.874,16.4,4.03,0.0,0.0,144.0,6.89,0.257,0.388,0.345,0.0,0.0,0.0,0.0,0.0
2017 Giro d'Italia Stage 1.gpx,https://www.komoot.com/tour/2969468565,132.0,0.62,73.1,0.296,0.621,0.0,204.0,1.86,0.518,0.724,0.4,0.0,0.0,0.0,0.0,0.0
2017 Giro d'Italia Stage 10.gpx,https://www.komoot.com/tour/2969469078,24.5,1.6,13.1,0.0,0.35,0.115,37.6,1.62,0.0,0.465,0.0,0.0,0.0,0.0,0.0,0.0
2017 Giro d'Italia Stage 11.gpx,https://www.komoot.com/tour/2969469804,82.4,0.67,77.2,0.653,0.0,0.0,161.0,0.246,0.0,0.0,0.103,0.0,0.0,0.0,0.0,0.0
2017 Giro d'Italia Stage 12.gpx,https://www.komoot.com/tour/2969470648,45.9,2.74,139.0,4.85,37.2,0.124,186.0,4.53,0.243,38.3,0.234,0.0,0.0,0.0,0.0,0.0
2017 Giro d'Italia Stage 13.gpx,https://www.komoot.com/tour/2969472357,60.5,2.92,97.8,4.5,0.936,0.0,163.0,2.59,0.884,0.947,0.469,0.0,0.0,0.0,0.0,0.0
2017 Giro d'Italia Stage 14.gpx,https://www.komoot.com/tour/2969472911,59.8,2.71,68.1,0.0,0.0,0.0,126.0,2.5,1.72,0.0,0.0,0.0,0.0,0.0,0.0,0.0
2017 Giro d'Italia Stage 15.gpx,https://www.komoot.com/tour/2969473819,150.0,2.32,37.8,7.38,1.36,0.0,195.0,1.18,0.813,1.48,0.0,0.0,0.0,0.0,0.0,0.0
2017 Giro d'Italia Stage 16.gpx,https://www.komoot.com/tour/2969474454,174.0,4.03,40.1,0.791,2.12,0.0,219.0,0.475,0.626,2.32,0.639,0.353,0.334,0.0,0.0,0.0
2017 Giro d'Italia Stage 17.gpx,https://www.komoot.com/tour/2969475238,37.4,0.294,159.0,21.8,0.701,0.0,218.0,0.236,0.34,0.595,0.183,0.0,0.0,0.0,0.0,0.0
2017 Giro d'Italia Stage 18.gpx,https://www.komoot.com/tour/2969476143,35.3,2.02,99.1,0.694,0.0,0.0,136.0,0.803,0.317,0.34,0.642,0.0,0.127,0.127,0.0,0.115
2017 Giro d'Italia Stage 19.gpx,https://www.komoot.com/tour/2969476841,85.5,1.93,102.0,0.384,1.9,0.0,188.0,1.47,0.42,1.6,0.432,0.0,0.0,0.0,0.0,0.0
2017 Giro d'Italia Stage 2.gpx,https://www.komoot.com/tour/2969477688,113.0,1.08,105.0,0.362,0.946,0.0,219.0,0.966,0.0,0.637,0.0,0.0,0.0,0.0,0.0,0.0
2017 Giro d'Italia Stage 20.gpx,https://www.komoot.com/tour/2969478483,130.0,6.75,37.0,9.81,3.96,0.0,173.0,10.7,0.0,4.2,2.33,2.39,0.604,0.0,0.0,0.276
2017 Giro d'Italia Stage 21.gpx,https://www.komoot.com/tour/2969479010,13.3,5.88,1.72,2.12,4.21,0.0,22.0,0.851,0.301,4.51,0.386,1.69,1.91,0.159,0.0,0.0
2017 Giro d'Italia Stage 3.gpx,https://www.komoot.com/tour/2969479630,70.6,0.112,8.31,1.72,54.9,0.0,79.1,2.37,0.227,54.6,15.0,14.5,0.471,0.0,0.0,0.0
2017 Giro d'Italia Stage 4.gpx,https://www.komoot.com/tour/2969480265,99.4,1.21,79.2,0.0,1.1,0.0,178.0,1.21,0.321,1.12,0.0,0.0,0.0,0.0,0.0,0.0
2017 Giro d'Italia Stage 5.gpx,https://www.komoot.com/tour/2969480906,89.5,4.52,60.2,3.46,1.15,0.0,154.0,1.91,2.43,0.943,0.663,0.0,0.0,0.0,0.0,0.0
2017 Giro d'Italia Stage 6.gpx,https://www.komoot.com/tour/2969481482,23.3,0.863,183.0,10.2,0.338,0.0,216.0,1.38,0.0,0.338,0.0,0.0,0.0,0.0,0.0,0.0
2017 Giro d'Italia Stage 7.gpx,https://www.komoot.com/tour/2969481990,132.0,6.03,53.2,0.954,31.0,0.158,182.0,9.5,0.0,31.9,1.46,1.54,0.236,0.0,0.0,0.0
2017 Giro d'Italia Stage 8.gpx,https://www.komoot.com/tour/2969482572,143.0,2.15,40.7,1.06,2.12,0.0,186.0,0.708,0.0,2.12,0.0,0.0,0.0,0.0,0.0,0.0
2017 Giro d'Italia Stage 9.gpx,https://www.komoot.com/tour/2969483439,50.9,1.28,89.4,3.38,2.87,0.0,145.0,0.0,0.0,3.47,0.0,0.0,0.0,0.158,0.0,0.0
2017 Giro dell'Appennino.gpx,https://www.komoot.com/tour/2969484269,108.0,1.99,63.0,25.9,0.888,0.0,196.0,2.62,0.229,1.32,0.442,0.574,0.0,0.0,0.0,0.0
2017 Giro dell'Emilia.gpx,https://www.komoot.com/tour/2969484843,128.0,1.46,75.0,10.4,8.19,0.0,205.0,4.3,4.66,8.62,0.0,1.45,1.54,0.0,0.0,0.0
2017 Giro della Toscana Stage 1.gpx,https://www.komoot.com/tour/2969485598,165.0,0.0,13.5,0.105,0.0,0.0,154.0,24.1,0.0,0.0,0.0,0.0,0.0,0.0,0.0,0.0
2017 Giro della Toscana Stage 2.gpx,https://www.komoot.com/tour/2969486241,104.0,0.899,59.9,0.878,0.0,0.0,165.0,0.716,0.394,0.0,0.0,0.0,0.0,0.0,0.0,0.0
2017 Gran Premio Bruno Beghelli.gpx,https://www.komoot.com/tour/2969486695,178.0,1.51,15.9,3.66,0.0,0.0,198.0,1.23,0.0,0.0,0.0,0.0,0.0,0.0,0.0,0.0
2017 Gran Premio Citta di Lugano.gpx,https://www.komoot.com/tour/2969487373,154.0,30.4,0.102,1.23,0.0,0.0,162.0,24.0,0.24,0.461,0.988,0.0,0.0,0.0,0.0,0.0
2017 Gran Premio Costa degli Etruschi.gpx,https://www.komoot.com/tour/2969487843,183.0,0.669,0.382,6.48,0.0,0.0,184.0,6.48,0.0,0.0,0.0,0.0,0.0,0.0,0.0,0.0
2017 Gran Premio Miguel Indurain.gpx,https://www.komoot.com/tour/2969488374,77.0,3.25,96.1,0.0,5.87,0.181,165.0,13.6,0.0,5.87,1.7,0.0,0.0,0.0,0.0,0.0
2017 Grand Prix Cerami.gpx,https://www.komoot.com/tour/2969490951,145.0,9.69,8.88,35.6,0.0,0.186,173.0,21.9,3.73,0.279,0.214,0.94,0.0,0.0,0.0,0.0
2017 Grand Prix Cycliste la Marseillaise.gpx,https://www.komoot.com/tour/2969494282,104.0,0.849,39.9,0.973,0.0,0.0,144.0,1.94,0.0,0.0,0.0,0.0,0.0,0.0,0.0,0.0
2017 Grand Prix d'Isbergues - Pas de Calais.gpx,https://www.komoot.com/tour/2969494752,133.0,43.6,25.7,3.34,0.0,0.0,148.0,57.6,0.0,0.0,0.0,0.0,0.0,0.0,0.0,0.0
2017 Grand Prix de Plumelec-Morbihan.gpx,https://www.komoot.com/tour/2969495180,183.0,0.856,0.0,0.0,0.0,0.0,184.0,0.135,0.0,0.0,0.0,0.0,0.0,0.0,0.0,0.0
2017 Grand Prix de Wallonie.gpx,https://www.komoot.com/tour/2969495886,154.0,4.67,45.5,4.9,0.0,0.0,198.0,9.55,2.21,0.107,0.0,0.0,0.0,0.0,0.0,0.0
2017 Grote Prijs Jean Pierre Monsere.gpx,https://www.komoot.com/tour/2969496499,79.0,11.4,5.3,84.4,0.0,0.163,115.0,74.7,2.64,0.79,2.19,2.13,0.0,0.0,0.0,0.0
2017 Halle-Ingooigem.gpx,https://www.komoot.com/tour/2969498139,75.2,6.76,17.9,91.7,0.0,0.0,128.0,66.8,2.08,1.09,1.8,0.0,0.0,1.21,0.0,0.0
2017 Hammer Series - Hammer Sportzone Limburg Stage 1.gpx,https://www.komoot.com/tour/2969498689,51.2,0.876,0.0,23.3,0.0,0.0,73.2,0.307,2.31,0.0,0.349,0.0,0.19,0.0,0.0,0.0
2017 Hammer Series - Hammer Sportzone Limburg Stage 2.gpx,https://www.komoot.com/tour/2969499948,28.1,0.15,3.76,15.3,12.7,0.0,68.1,19.9,0.357,12.8,0.0,0.0,0.0,0.0,0.0,0.0
2017 Hammer Series - Hammer Sportzone Limburg Stage 3.gpx,https://www.komoot.com/tour/2969500817,23.8,0.153,1.43,5.52,2.54,0.0,23.0,20.0,0.0,2.76,0.0,0.0,0.0,0.0,0.0,0.0
2017 Handzame Classic.gpx,https://www.komoot.com/tour/2969501712,74.3,5.59,1.72,71.3,0.0,0.0,93.5,64.5,1.85,0.816,0.0,0.0,0.0,0.0,0.0,0.0
2017 Herald Sun Tour Prologue.gpx,https://www.komoot.com/tour/2969502430,0.36,0.26,0.0,1.12,0.0,0.0,1.44,0.345,0.316,0.0,0.361,0.0,0.0,0.0,0.0,0.0
2017 Herald Sun Tour Stage 1.gpx,https://www.komoot.com/tour/2969503201,129.0,0.284,40.5,1.5,0.0,0.0,129.0,41.7,0.0,0.207,0.0,0.0,0.0,0.0,0.0,0.0
2017 Herald Sun Tour Stage 2.gpx,https://www.komoot.com/tour/2969503795,149.0,1.32,15.3,0.622,0.0,0.0,104.0,61.8,0.0,0.0,0.0,0.0,0.0,0.0,0.0,0.0
2017 Herald Sun Tour Stage 3.gpx,https://www.komoot.com/tour/2969504796,138.0,1.7,26.7,0.397,1.44,0.0,141.0,25.1,0.0,1.44,0.0,0.0,0.0,0.0,0.0,0.0
2017 Herald Sun Tour Stage 4.gpx,https://www.komoot.com/tour/2969505492,92.3,0.0,3.62,25.2,0.0,0.0,121.0,0.0,0.0,0.0,0.0,0.0,0.0,0.0,0.0,0.0
2017 Il Lombardia.gpx,https://www.komoot.com/tour/2969506478,179.0,6.3,49.9,10.1,1.4,0.0,240.0,5.46,0.195,2.28,0.53,0.0,0.0,0.0,0.0,0.0
2017 Italian Road National Championships.gpx,https://www.komoot.com/tour/2969507083,117.0,0.489,118.0,0.0,1.37,0.0,231.0,2.87,2.09,1.37,0.0,0.161,0.0,0.0,0.0,0.0
2017 Japan Cup Cycle Road Race.gpx,https://www.komoot.com/tour/2969507766,63.9,0.733,96.1,0.0,0.277,0.0,101.0,60.2,0.0,0.277,0.0,0.0,0.671,0.0,0.0,0.0
2017 Kampioenschap van Vlaanderen.gpx,https://www.komoot.com/tour/2969508319,77.9,27.6,1.8,88.4,0.0,0.0,106.0,83.4,6.36,0.0,0.0,0.0,0.0,0.0,0.0,0.0
2017 Klasika Primavera de Amorebieta.gpx,https://www.komoot.com/tour/2969508978,69.3,2.18,98.9,6.72,0.0,0.0,175.0,1.49,0.796,0.0,0.0,0.0,0.0,0.0,0.0,0.0
2017 Kuurne-Bruxelles-Kuurne.gpx,https://www.komoot.com/tour/2969510075,67.4,12.7,9.15,98.6,0.0,0.0,135.0,62.8,4.19,0.0,1.31,0.0,0.0,1.21,0.0,0.0
2017 La Fleche Wallonne.gpx,https://www.komoot.com/tour/2969510737,142.0,18.3,28.0,15.1,0.186,0.108,185.0,17.0,0.556,0.263,0.0,0.0,0.0,0.0,0.0,0.0
2017 La Poly Normande.gpx,https://www.komoot.com/tour/2969511245,169.0,0.0,0.0,0.0,0.0,0.0,115.0,54.2,0.0,0.0,0.0,0.0,0.0,0.0,0.0,0.0
2017 La Roue Tourangelle Region Centre Val de Loire - Trophee Harmonie Mutuelle.gpx,https://www.komoot.com/tour/2969511786,169.0,17.3,8.93,3.49,0.313,0.0,148.0,51.0,0.0,0.328,0.0,0.0,0.0,0.0,0.0,0.0
2017 La Tropicale Amissa Bongo Stage 1.gpx,https://www.komoot.com/tour/2969512259,0.0,0.0,66.9,0.0,86.5,0.0,66.9,0.0,0.0,85.7,0.0,0.0,0.0,0.0,0.0,0.0
2017 La Tropicale Amissa Bongo Stage 2.gpx,https://www.komoot.com/tour/2969512786,0.0,1.87,25.9,0.0,74.4,0.0,26.2,1.45,0.0,74.6,0.0,0.0,0.0,0.0,0.0,0.0
2017 La Tropicale Amissa Bongo Stage 3.gpx,https://www.komoot.com/tour/2969513242,0.465,1.57,28.7,0.0,133.0,0.0,28.9,1.41,0.0,133.0,0.0,0.0,0.0,0.0,0.0,0.0
2017 La Tropicale Amissa Bongo Stage 5.gpx,https://www.komoot.com/tour/2969513728,0.0,0.537,43.3,0.0,105.0,0.0,43.1,0.537,0.0,105.0,0.223,0.441,0.0,0.0,0.0,0.0
2017 La Tropicale Amissa Bongo Stage 6.gpx,https://www.komoot.com/tour/2969514193,9.07,3.1,27.9,0.0,7.15,0.0,36.4,2.79,0.0,7.61,0.0,0.521,0.0,0.0,0.0,0.0
2017 La Tropicale Amissa Bongo Stage 7.gpx,https://www.komoot.com/tour/2969514846,4.4,0.0,44.1,0.0,0.0,0.0,48.4,0.0,0.0,0.0,0.0,0.0,0.0,0.0,0.0,0.0
2017 Le Samyn.gpx,https://www.komoot.com/tour/2969515554,134.0,21.7,12.5,32.6,0.86,0.0,151.0,35.7,14.4,0.952,0.0,0.0,0.0,0.0,0.0,0.0
2017 Le Tour de Langkawi Stage 1.gpx,https://www.komoot.com/tour/2969516202,80.7,0.0,43.9,0.0,0.401,0.0,124.0,0.181,0.0,0.573,0.129,0.0,0.0,0.0,0.0,0.0
2017 Le Tour de Langkawi Stage 2.gpx,https://www.komoot.com/tour/2969516800,0.593,0.0,207.0,0.0,1.35,0.0,207.0,0.0,0.206,1.35,0.0,0.0,0.0,0.0,0.0,0.0
2017 Le Tour de Langkawi Stage 3.gpx,https://www.komoot.com/tour/2969517394,43.7,0.188,74.4,0.0,0.377,0.0,118.0,0.191,0.0,0.377,0.0,0.0,0.0,0.0,0.0,0.0
2017 Le Tour de Langkawi Stage 4.gpx,https://www.komoot.com/tour/2969517861,62.1,0.861,113.0,0.0,0.0,0.0,175.0,0.813,0.0,0.0,0.0,0.0,0.0,0.0,0.0,0.0
2017 Le Tour de Langkawi Stage 5.gpx,https://www.komoot.com/tour/2969518648,2.78,0.183,149.0,0.0,0.269,0.0,151.0,0.3,0.406,0.269,0.0,0.0,0.0,0.0,0.0,0.0
2017 Le Tour de Langkawi Stage 6.gpx,https://www.komoot.com/tour/2969519745,68.0,0.328,107.0,0.0,0.711,0.0,153.0,22.1,0.0,1.04,0.0,0.0,0.0,0.0,0.0,0.0
2017 Le Tour de Langkawi Stage 7.gpx,https://www.komoot.com/tour/2969520658,65.0,0.0,83.3,0.0,0.0,0.0,148.0,0.0,0.0,0.0,0.0,0.0,0.0,0.0,0.0,0.0
2017 Le Tour de Langkawi Stage 8.gpx,https://www.komoot.com/tour/2969521755,77.9,0.312,43.8,0.0,0.0,0.0,120.0,1.71,0.0,0.0,0.0,0.0,0.0,0.0,0.0,0.0
2017 Liege - Bastogne - Liege.gpx,https://www.komoot.com/tour/2969522550,179.0,9.62,64.5,9.01,0.835,0.0,254.0,6.53,0.494,1.73,1.96,1.65,0.382,0.613,0.0,0.0
2017 Luxembourg Road National Championships - ITT.gpx,https://www.komoot.com/tour/2969523030,0.0,0.0,19.0,0.0,0.0,0.0,19.0,0.0,0.0,0.0,0.0,0.0,0.0,0.0,0.0,0.0
2017 Luxembourg Road National Championships.gpx,https://www.komoot.com/tour/2969523726,123.0,2.6,0.0,0.0,0.0,0.0,135.0,19.4,0.0,0.0,29.6,0.741,0.0,0.0,0.0,0.0
2017 Memorial Pantani.gpx,https://www.komoot.com/tour/2969524448,159.0,11.3,12.5,0.925,3.09,0.0,165.0,19.7,0.0,2.91,0.661,0.0,0.0,0.0,0.0,0.0
2017 Milano - Sanremo.gpx,https://www.komoot.com/tour/2969525606,52.9,1.78,225.0,9.12,0.85,0.201,285.0,3.55,1.04,0.948,0.676,0.0,0.0,0.0,0.0,0.0
2017 Milano - Torino.gpx,https://www.komoot.com/tour/2969526223,46.1,0.263,136.0,1.08,1.29,0.0,182.0,0.563,0.447,0.495,0.215,0.9,0.0,0.0,0.0,0.0
2017 New Zealand Road National Championships - ITT.gpx,https://www.komoot.com/tour/2969526992,38.0,0.0,0.0,2.06,0.0,0.0,16.3,23.8,0.0,0.0,0.0,0.0,0.0,0.0,0.0,0.0
2017 New Zealand Road National Championships.gpx,https://www.komoot.com/tour/2969527873,106.0,6.01,32.9,16.3,0.0,0.0,98.2,62.8,0.0,0.0,0.0,0.0,0.0,0.0,0.0,0.0
2017 OCC Oceanian Championships - ITT.gpx,https://www.komoot.com/tour/2969528389,41.3,0.2,0.0,0.0,0.0,0.0,41.1,0.202,0.0,0.2,0.0,0.0,0.0,0.0,0.0,0.0
2017 OCC Oceanian Championships.gpx,https://www.komoot.com/tour/2969529088,107.0,0.0,0.0,10.9,0.0,0.0,59.7,58.5,0.0,0.0,0.0,0.0,0.0,0.0,0.0,0.0
2017 OVO Energy Tour of Britain Stage 1.gpx,https://www.komoot.com/tour/2969529692,117.0,0.0,72.3,0.447,0.185,0.0,183.0,5.95,0.903,0.229,0.0,0.0,0.0,0.0,0.0,0.0
2017 OVO Energy Tour of Britain Stage 2.gpx,https://www.komoot.com/tour/2969530300,156.0,0.672,50.7,2.32,0.404,0.0,209.0,0.661,0.0,0.404,0.45,0.174,0.0,0.226,0.0,0.0
2017 OVO Energy Tour of Britain Stage 3.gpx,https://www.komoot.com/tour/2969530948,109.0,2.36,65.9,0.559,0.0,0.0,166.0,11.6,0.0,0.0,0.0,0.0,0.0,0.0,0.0,0.0
2017 OVO Energy Tour of Britain Stage 4.gpx,https://www.komoot.com/tour/2969531667,102.0,6.65,52.9,3.22,0.0,0.0,151.0,10.6,0.0,3.68,1.08,0.0,0.0,0.0,0.0,0.0
2017 OVO Energy Tour of Britain Stage 5.gpx,https://www.komoot.com/tour/2969532518,16.1,0.0,0.0,0.0,0.0,0.0,16.1,0.0,0.0,0.0,0.0,0.0,0.0,0.0,0.0,0.0
2017 OVO Energy Tour of Britain Stage 6.gpx,https://www.komoot.com/tour/2969533249,146.0,1.17,36.0,4.79,0.0,0.0,179.0,8.73,0.432,0.254,0.356,0.0,0.0,0.0,0.0,0.0
2017 OVO Energy Tour of Britain Stage 7.gpx,https://www.komoot.com/tour/2969533777,155.0,0.238,27.7,1.44,0.633,0.0,164.0,19.8,0.129,0.633,0.22,0.0,0.0,0.0,0.0,0.0
2017 OVO Energy Tour of Britain Stage 8.gpx,https://www.komoot.com/tour/2969534448,101.0,0.197,74.8,2.92,1.46,0.0,174.0,5.19,0.429,1.25,0.478,0.0,0.0,0.0,0.0,0.0
2017 Omloop Eurometropool.gpx,https://www.komoot.com/tour/2969535011,89.9,3.0,1.46,61.7,0.0,0.0,125.0,50.0,1.88,0.293,0.418,0.724,0.307,0.0,0.0,0.0
2017 Omloop Het Nieuwsblad.gpx,https://www.komoot.com/tour/2969535547,62.9,46.9,9.2,68.7,0.245,0.0,96.5,80.7,20.6,0.336,0.213,0.0,0.0,0.0,0.0,0.0
2017 Omloop Mandel-Leie-Schelde Meulebeke.gpx,https://www.komoot.com/tour/2969536153,52.5,22.7,0.0,93.5,0.0,0.0,116.0,62.3,0.0,9.99,0.0,0.0,0.0,0.0,0.0,0.0
2017 Omloop van het Houtland Lichtervelde.gpx,https://www.komoot.com/tour/2969536739,104.0,20.1,0.876,54.7,0.0,0.0,72.7,117.0,5.66,0.475,0.0,0.171,0.158,0.0,0.0,0.0
2017 Osterreich Rundfahrt Prologue.gpx,https://www.komoot.com/tour/2969537285,0.0,0.184,0.0,0.0,0.573,0.0,0.0,0.0,0.167,0.573,0.0,0.0,0.0,0.0,0.0,0.0
2017 Osterreich Rundfahrt Stage 1.gpx,https://www.komoot.com/tour/2969538044,49.6,3.65,134.0,7.75,0.182,0.0,193.0,1.92,0.0,0.321,0.0,0.0,0.0,0.0,0.0,0.0
2017 Osterreich Rundfahrt Stage 2.gpx,https://www.komoot.com/tour/2969538672,128.0,1.28,65.1,2.5,1.97,0.0,197.0,0.0,0.231,1.99,0.641,0.0,0.0,0.0,0.0,0.0
2017 Osterreich Rundfahrt Stage 3.gpx,https://www.komoot.com/tour/2969539532,127.0,0.0,95.5,2.1,0.0,0.0,224.0,1.46,0.0,0.0,0.999,0.793,0.0,0.0,0.0,0.0
2017 Osterreich Rundfahrt Stage 4.gpx,https://www.komoot.com/tour/2969540154,17.5,2.05,60.6,0.0,2.44,0.0,79.6,0.563,0.0,2.21,0.357,0.105,0.0,0.231,0.0,0.0
2017 Osterreich Rundfahrt Stage 5.gpx,https://www.komoot.com/tour/2969540794,50.4,0.227,153.0,3.35,6.09,0.0,207.0,0.598,0.0,0.17,0.0,0.0,0.0,0.0,0.0,0.0
2017 Osterreich Rundfahrt Stage 6.gpx,https://www.komoot.com/tour/2969541513,56.6,1.36,138.0,6.0,0.67,0.0,197.0,4.69,0.0,0.0,0.0,0.977,0.9,0.0,0.0,0.0
2017 PRO Oetztaler 5500.gpx,https://www.komoot.com/tour/2969542307,89.5,1.66,133.0,2.06,0.381,0.0,227.0,0.127,0.0,0.0,0.0,0.0,0.0,0.0,0.0,0.0
2017 Paris - Bourges.gpx,https://www.komoot.com/tour/2969543057,165.0,0.0,15.8,4.62,2.04,0.0,184.0,2.11,0.0,2.06,1.01,0.953,0.0,0.0,0.0,0.0
2017 Paris - Camembert.gpx,https://www.komoot.com/tour/2969543688,149.0,2.32,45.4,0.529,0.41,0.0,180.0,16.7,0.439,0.41,0.0,0.0,0.0,0.0,0.0,0.0
2017 Paris - Roubaix.gpx,https://www.komoot.com/tour/2969544226,173.0,10.8,46.2,17.4,0.72,0.21,198.0,4.83,53.0,1.15,10.3,2.23,1.6,1.19,0.0,0.0
2017 Paris - Tours.gpx,https://www.komoot.com/tour/2969544722,201.0,6.0,18.2,6.68,0.0,0.0,216.0,15.4,0.203,0.0,0.155,0.0,0.0,0.0,0.0,0.0
2017 Paris-Nice Stage 1.gpx,https://www.komoot.com/tour/2969545368,107.0,2.01,36.1,11.2,0.0,0.0,148.0,9.29,0.411,0.0,1.97,0.0,0.0,0.0,0.0,0.0
2017 Paris-Nice Stage 2.gpx,https://www.komoot.com/tour/2969545873,140.0,2.86,58.8,1.46,0.589,0.0,201.0,1.73,0.0,0.609,0.159,0.139,0.0,0.0,0.0,0.0
2017 Paris-Nice Stage 3.gpx,https://www.komoot.com/tour/2969546443,159.0,0.163,24.8,5.05,0.331,0.0,188.0,0.0,0.661,0.331,0.633,0.633,0.0,0.0,0.0,0.0
2017 Paris-Nice Stage 4.gpx,https://www.komoot.com/tour/2969546889,13.3,0.933,0.0,0.0,0.0,0.0,12.1,1.97,0.0,0.179,0.122,0.0,0.0,0.0,0.0,0.0
2017 Paris-Nice Stage 5.gpx,https://www.komoot.com/tour/2969547495,142.0,1.67,41.1,14.8,0.205,0.0,194.0,5.58,0.0,0.373,0.0,0.0,0.0,0.0,0.0,0.0
2017 Paris-Nice Stage 6.gpx,https://www.komoot.com/tour/2969548221,165.0,0.0,28.0,0.34,0.0,0.0,191.0,1.96,0.0,0.0,0.0,0.0,0.0,0.0,0.0,0.0
2017 Paris-Nice Stage 7.gpx,https://www.komoot.com/tour/2969549062,168.0,0.575,3.58,5.02,1.36,0.0,176.0,0.418,0.0,1.93,0.0,0.0,0.0,0.0,0.0,0.0
2017 Paris-Nice Stage 8.gpx,https://www.komoot.com/tour/2969549850,75.2,0.628,31.6,7.29,0.441,0.0,114.0,0.628,0.0,0.257,0.0,0.0,0.0,0.0,0.0,0.0
2017 Polish National Road Championships.gpx,https://www.komoot.com/tour/2969550861,201.0,3.59,16.0,24.7,1.1,0.462,228.0,9.62,22.7,1.76,11.7,0.172,0.203,0.354,0.0,0.0
2017 PostNord Danmark Rundt - Tour of Denmark Stage 1.gpx,https://www.komoot.com/tour/2969551710,117.0,7.3,2.35,37.4,2.98,0.0,155.0,17.3,0.591,1.25,0.0,0.0,0.0,0.0,0.0,0.0
2017 PostNord Danmark Rundt - Tour of Denmark Stage 3.gpx,https://www.komoot.com/tour/2969552299,129.0,8.76,0.0,33.0,0.812,0.0,166.0,15.2,0.184,1.24,0.523,0.54,0.0,0.0,0.0,0.0
2017 PostNord Danmark Rundt - Tour of Denmark Stage 4.gpx,https://www.komoot.com/tour/2969552684,6.95,0.0,0.0,10.4,0.0,0.186,8.23,9.56,0.0,0.0,0.0,0.0,0.0,0.0,0.0,0.0
2017 PostNord Danmark Rundt - Tour of Denmark Stage 5.gpx,https://www.komoot.com/tour/2969553310,125.0,4.8,0.0,50.2,4.76,0.0,152.0,38.6,0.0,5.35,1.76,2.21,1.03,0.646,0.0,0.0
2017 Presidential Cycling Tour of Turkey Stage 1.gpx,https://www.komoot.com/tour/2969554266,14.0,0.566,153.0,2.56,4.65,0.0,165.0,3.04,1.73,3.45,0.559,0.0,0.0,0.0,0.0,0.0
2017 Presidential Cycling Tour of Turkey Stage 2.gpx,https://www.komoot.com/tour/2969554870,10.2,1.27,192.0,0.0,3.18,0.0,198.0,1.52,2.84,3.97,0.151,0.151,0.0,0.0,0.0,0.0
2017 Presidential Cycling Tour of Turkey Stage 3.gpx,https://www.komoot.com/tour/2969555452,10.7,0.0,117.0,0.0,1.16,0.0,127.0,0.247,0.602,0.859,0.0,0.0,0.0,0.0,0.0,0.0
2017 Presidential Cycling Tour of Turkey Stage 4.gpx,https://www.komoot.com/tour/2969555998,9.02,0.404,196.0,0.0,0.597,0.0,203.0,1.53,0.0,0.87,0.0,0.0,0.0,0.0,0.0,0.0
2017 Presidential Cycling Tour of Turkey Stage 5.gpx,https://www.komoot.com/tour/2969556730,14.5,0.0,151.0,0.0,0.0,0.0,166.0,0.383,0.0,0.0,0.0,0.0,0.0,0.0,0.0,0.0
2017 Presidential Cycling Tour of Turkey Stage 6.gpx,https://www.komoot.com/tour/2969557685,3.4,3.58,38.1,0.0,96.8,0.0,44.0,0.335,0.732,96.0,1.25,0.419,0.0,0.0,0.0,0.0
2017 Primus Classic Impanis - Van Petegem.gpx,https://www.komoot.com/tour/2969558307,130.0,9.62,4.67,50.5,0.211,0.0,154.0,44.5,1.1,0.281,0.0,0.289,0.289,0.0,0.0,0.0
2017 Prudential RideLondon-Surrey Classic.gpx,https://www.komoot.com/tour/2969559527,74.3,0.85,89.4,17.8,0.305,0.122,174.0,9.28,0.525,0.448,1.27,2.16,1.82,0.0,0.0,0.0
2017 Prueba Villafranca-Ordiziako Klasika.gpx,https://www.komoot.com/tour/2969560264,156.0,4.87,0.0,2.9,0.0,0.0,165.0,0.376,1.29,0.0,2.75,0.0,0.0,0.0,0.0,0.0
2017 Rad am Ring.gpx,https://www.komoot.com/tour/2969561134,7.85,18.7,1.61,0.0,64.2,0.0,17.5,2.22,0.0,74.2,31.2,49.3,22.9,2.55,0.0,0.0
2017 Record Bank E3 Harelbeke.gpx,https://www.komoot.com/tour/2969562399,72.8,25.2,7.13,77.5,1.86,0.0,121.0,67.2,14.5,1.86,0.478,0.0,0.0,0.381,0.0,0.0
2017 Ronde Van Vlaanderen.gpx,https://www.komoot.com/tour/2969563266,98.7,32.0,8.61,103.0,1.3,0.186,128.0,111.0,19.7,1.94,0.759,0.572,0.619,0.0,0.0,0.0
2017 Ronde de l'Isard Stage 2.gpx,https://www.komoot.com/tour/2969563928,125.0,0.127,3.6,18.8,0.0,0.0,147.0,0.165,0.0,0.0,0.19,0.0,0.0,0.0,0.0,0.0
2017 Ronde de l'Isard Stage 3.gpx,https://www.komoot.com/tour/2969564573,98.3,2.68,43.3,0.0,0.0,0.0,138.0,3.07,0.0,0.0,0.0,0.122,0.122,3.51,0.0,0.0
2017 Ronde de l'Isard Stage 4.gpx,https://www.komoot.com/tour/2969565528,114.0,0.266,25.7,5.19,0.0,0.0,144.0,0.0,0.0,0.162,0.0,0.0,0.0,0.0,0.0,0.0
2017 Ronde van Drenthe.gpx,https://www.komoot.com/tour/2969566354,110.0,10.1,0.356,40.6,5.05,0.0,110.0,57.1,28.5,8.08,14.2,4.08,1.26,0.737,0.0,0.0
2017 Ronde van Limburg.gpx,https://www.komoot.com/tour/2969567423,104.0,15.5,7.37,64.7,0.625,0.0,111.0,77.2,12.3,0.894,2.07,0.0,0.0,0.0,0.0,0.0
2017 Route Adelie de Vitre.gpx,https://www.komoot.com/tour/2969568303,166.0,7.28,15.3,8.98,0.0,0.0,167.0,30.5,0.0,0.0,0.0,0.0,0.0,0.0,0.0,0.0
2017 Royal Bernard Drome Classic.gpx,https://www.komoot.com/tour/2969569557,167.0,15.1,19.8,3.9,0.0,0.0,174.0,28.9,0.149,3.52,2.1,1.3,0.0,0.0,0.0,0.0
2017 Rund um Koln.gpx,https://www.komoot.com/tour/2969570250,134.0,7.58,5.32,49.5,6.04,0.49,167.0,30.3,1.4,6.55,0.86,1.15,0.531,0.0,0.0,0.0
2017 Santos Tour Down Under Stage 1.gpx,https://www.komoot.com/tour/2969570889,56.0,0.122,70.9,11.6,5.96,0.0,129.0,9.42,0.0,6.22,0.611,0.354,0.0,0.0,0.0,0.0
2017 Santos Tour Down Under Stage 2.gpx,https://www.komoot.com/tour/2969571563,89.8,2.02,54.3,2.08,0.0,0.0,85.4,63.0,0.0,0.0,0.123,0.0,0.0,0.0,0.0,0.0
2017 Santos Tour Down Under Stage 3.gpx,https://www.komoot.com/tour/2969572584,46.1,5.94,68.1,5.83,17.2,0.0,113.0,12.7,0.0,15.2,0.753,0.322,0.322,0.0,0.0,0.0
2017 Santos Tour Down Under Stage 4.gpx,https://www.komoot.com/tour/2969573787,51.8,1.45,90.7,6.16,0.0,0.0,132.0,19.4,0.0,0.0,0.85,0.0,0.0,0.0,0.0,0.0
2017 Santos Tour Down Under Stage 5.gpx,https://www.komoot.com/tour/2969574421,115.0,8.0,23.5,3.89,1.09,0.0,141.0,9.29,0.0,1.09,0.0,0.0,0.0,0.0,0.0,0.0
2017 Santos Tour Down Under Stage 6.gpx,https://www.komoot.com/tour/2969575758,65.4,10.6,0.0,11.0,0.0,0.0,86.2,1.34,0.499,0.0,1.02,0.294,0.294,0.0,0.0,0.0
2017 Schaal Sels.gpx,https://www.komoot.com/tour/2969576706,76.4,14.9,3.37,35.7,12.0,0.138,64.6,53.6,27.9,12.5,25.3,22.8,1.81,5.0,0.0,0.0
2017 Scheldeprijs.gpx,https://www.komoot.com/tour/2969577678,41.2,12.1,5.34,115.0,0.0,0.0,76.5,114.0,10.2,0.187,0.899,0.541,3.28,0.0,0.0,0.0
2017 Sibiu Cycling Tour Prologue.gpx,https://www.komoot.com/tour/2969578347,0.289,0.611,0.0,0.0,0.3,0.0,0.459,0.0,1.51,0.3,1.06,0.0,0.0,0.0,0.0,0.0
2017 Sibiu Cycling Tour Stage 1.gpx,https://www.komoot.com/tour/2969579058,123.0,0.537,81.8,3.07,0.19,0.0,208.0,0.0,0.0,0.19,0.0,0.0,0.0,0.0,0.0,0.0
2017 Sibiu Cycling Tour Stage 2.gpx,https://www.komoot.com/tour/2969579501,103.0,0.0,55.8,0.0,0.0,0.0,158.0,0.295,0.166,0.133,0.428,0.0,0.0,0.0,0.0,0.0
2017 Sibiu Cycling Tour Stage 3.gpx,https://www.komoot.com/tour/2969580088,138.0,7.17,64.1,1.11,0.0,0.0,207.0,1.35,0.0,0.0,0.0,1.49,0.0,0.0,0.0,0.0
2017 Sibiu Cycling Tour Stage 4.gpx,https://www.komoot.com/tour/2969580744,80.0,0.288,68.1,0.779,0.168,0.0,149.0,0.121,0.267,0.324,0.0,0.0,0.0,0.0,0.0,0.0
2017 Slovakian Road National Championships - ITT.gpx,https://www.komoot.com/tour/2969581310,35.9,0.0,5.2,0.0,0.0,0.0,41.1,0.0,0.0,0.0,0.0,0.0,0.0,0.0,0.0,0.0
2017 Slovakian Road National Championships.gpx,https://www.komoot.com/tour/2969581776,13.5,0.394,12.9,0.0,0.0,0.11,26.7,0.11,0.0,0.0,0.0,0.0,0.0,0.0,0.0,0.0
2017 Sluitingsprijs Putte-Kapellen.gpx,https://www.komoot.com/tour/2969582470,67.3,8.98,1.65,103.0,0.0,0.0,90.4,73.3,18.6,1.58,0.0,0.0,0.0,0.0,0.0,0.0
2017 South African Road National Championships - ITT.gpx,https://www.komoot.com/tour/2969582953,25.7,0.0,13.8,0.0,0.0,0.0,39.5,0.0,0.0,0.0,0.0,0.0,0.0,0.0,0.0,0.0
2017 South African Road National Championships.gpx,https://www.komoot.com/tour/2969583617,120.0,0.0,59.0,0.0,0.0,0.0,179.0,0.0,0.0,0.0,0.0,0.0,0.0,0.0,0.0,0.0
2017 Spanish Road National Championships - ITT.gpx,https://www.komoot.com/tour/2969584051,36.4,0.448,7.97,0.0,0.0,0.0,44.6,0.23,0.0,0.0,0.0,0.0,0.0,0.0,0.0,0.0
2017 Spanish Road National Championships.gpx,https://www.komoot.com/tour/2969584813,158.0,6.94,49.6,0.739,1.4,0.0,214.0,0.767,0.428,1.6,0.465,0.255,0.0,0.0,0.0,0.0
2017 Sparkassen Muensterland Giro.gpx,https://www.komoot.com/tour/2969585935,139.0,8.09,1.72,28.4,2.79,0.0,157.0,25.0,14.0,2.9,1.18,0.189,0.114,0.201,0.0,0.0
2017 Strade Bianche.gpx,https://www.komoot.com/tour/2969587388,112.0,42.8,19.2,0.636,0.376,0.0,114.0,2.89,1.04,0.406,0.366,10.7,0.0,47.0,0.0,0.0
2017 Szlakiem Walk Majora Hubala Stage 1.gpx,https://www.komoot.com/tour/2969588462,134.0,10.3,0.0,34.8,0.226,0.0,157.0,14.3,10.9,0.782,6.35,3.03,0.174,0.0,0.0,0.0
2017 Szlakiem Walk Majora Hubala Stage 2-1.gpx,https://www.komoot.com/tour/2969589566,10.2,4.42,0.0,0.0,0.0,0.0,8.89,5.63,0.106,0.0,0.0,0.0,0.0,0.0,0.0,0.0
2017 Tacx Pro Classic.gpx,https://www.komoot.com/tour/2969590382,97.2,6.2,0.267,30.7,16.3,0.201,140.0,36.9,7.13,17.5,0.758,0.197,0.576,0.0,0.0,0.0
2017 The Larry H.Miller Tour of Utah Stage 1.gpx,https://www.komoot.com/tour/2969591157,25.6,0.615,166.0,20.9,0.331,0.0,213.0,1.0,0.0,0.359,0.699,0.0,0.0,0.0,0.0,0.0
2017 The Larry H.Miller Tour of Utah Stage 2.gpx,https://www.komoot.com/tour/2969591692,55.4,0.0,94.3,1.47,0.0,0.0,151.0,0.0,0.0,0.0,0.0,0.0,0.0,0.0,0.0,0.0
2017 The Larry H.Miller Tour of Utah Stage 3.gpx,https://www.komoot.com/tour/2969592042,7.81,0.0,0.0,1.11,0.0,0.0,8.92,0.0,0.0,0.0,0.0,0.0,0.0,0.0,0.0,0.0
2017 The Larry H.Miller Tour of Utah Stage 4.gpx,https://www.komoot.com/tour/2969592556,24.5,0.0,121.0,53.2,0.0,0.0,186.0,13.0,0.0,0.0,0.0,0.0,0.0,0.0,0.0,0.0
2017 The Larry H.Miller Tour of Utah Stage 5.gpx,https://www.komoot.com/tour/2969593382,141.0,10.7,8.05,13.8,15.1,0.0,159.0,13.9,0.0,15.3,0.106,0.0,0.0,0.0,0.0,0.0
2017 The Larry H.Miller Tour of Utah Stage 6.gpx,https://www.komoot.com/tour/2969594000,53.8,0.25,28.1,16.2,1.7,0.0,90.3,8.1,0.0,1.7,0.0,0.0,0.0,0.0,0.0,0.0
2017 The Larry H.Miller Tour of Utah Stage 7.gpx,https://www.komoot.com/tour/2969595312,6.69,3.75,2.66,106.0,0.0,0.0,86.9,31.9,0.0,0.0,0.0,0.0,0.0,0.0,0.0,0.0
2017 Tirreno-Adriatico Stage 1.gpx,https://www.komoot.com/tour/2969595830,19.5,2.38,0.0,0.532,0.0,0.0,21.8,0.643,0.0,0.153,0.153,0.0,0.0,0.0,0.0,0.0
2017 Tirreno-Adriatico Stage 2.gpx,https://www.komoot.com/tour/2969596463,102.0,0.735,119.0,3.27,1.19,0.196,223.0,4.73,0.708,1.07,2.27,0.0,0.0,0.0,0.0,0.0
2017 Tirreno-Adriatico Stage 3.gpx,https://www.komoot.com/tour/2969596985,143.0,0.257,61.1,0.0,0.0,0.0,204.0,0.291,0.0,0.0,0.427,0.427,0.0,0.0,0.0,0.0
2017 Tirreno-Adriatico Stage 4.gpx,https://www.komoot.com/tour/2969597552,111.0,0.739,74.2,0.0,1.02,0.0,185.0,0.498,0.0,1.01,1.3,1.33,0.0,0.0,0.0,0.0
2017 Tirreno-Adriatico Stage 5.gpx,https://www.komoot.com/tour/2969598242,106.0,8.09,92.8,0.0,2.9,0.0,200.0,7.26,0.304,2.91,0.934,0.0,0.0,0.0,0.0,0.0
2017 Tirreno-Adriatico Stage 6.gpx,https://www.komoot.com/tour/2969598879,44.9,0.327,109.0,6.27,4.74,0.0,161.0,0.483,0.0,4.12,1.86,1.85,0.979,0.0,0.0,0.0
2017 Tirreno-Adriatico Stage 7.gpx,https://www.komoot.com/tour/2969599704,2.95,0.24,0.0,4.47,1.91,0.0,3.34,4.84,0.0,2.24,0.842,0.0,0.0,0.0,0.0,0.0
2017 Tour Cycliste International La Provence Stage 1.gpx,https://www.komoot.com/tour/2969600617,191.0,2.39,7.28,7.15,0.56,0.0,204.0,4.24,0.184,0.588,0.0,0.0,0.0,0.0,0.0,0.0
2017 Tour Cycliste International La Provence Stage 2.gpx,https://www.komoot.com/tour/2969601419,115.0,0.408,41.6,4.99,0.0,0.0,161.0,1.57,0.0,0.0,0.0,0.0,0.0,0.0,0.0,0.0
2017 Tour Cycliste International La Provence Stage 3.gpx,https://www.komoot.com/tour/2969602481,138.0,0.408,34.2,0.35,0.0,0.0,173.0,0.216,0.0,0.451,0.0,0.0,0.0,0.0,0.0,0.0
2017 Tour Poitou-Charentes Stage 1.gpx,https://www.komoot.com/tour/2969603058,151.0,1.66,44.8,3.13,0.0,0.0,196.0,4.65,0.0,0.0,0.0,0.0,0.0,0.0,0.0,0.0
2017 Tour Poitou-Charentes Stage 2.gpx,https://www.komoot.com/tour/2969603594,186.0,0.346,0.297,0.0,0.241,0.0,186.0,0.0,0.0,0.56,0.0,0.0,0.0,0.0,0.0,0.0
2017 Tour Poitou-Charentes Stage 3-1.gpx,https://www.komoot.com/tour/2969604003,90.1,3.03,0.0,0.756,0.0,0.0,89.2,4.71,0.0,0.0,1.57,1.57,0.0,0.0,0.0,0.0
2017 Tour Poitou-Charentes Stage 4.gpx,https://www.komoot.com/tour/2969604386,141.0,8.85,0.655,7.82,0.0,0.0,150.0,9.09,0.0,0.0,0.0,0.0,0.0,0.0,0.0,0.0
2017 Tour d'Azerbaidjan Stage 1.gpx,https://www.komoot.com/tour/2969604875,47.0,3.0,79.3,0.0,20.3,0.0,127.0,0.0,0.0,23.3,0.263,0.0,0.0,0.0,0.0,0.0
2017 Tour d'Azerbaidjan Stage 2.gpx,https://www.komoot.com/tour/2969605400,16.1,3.45,146.0,0.0,21.9,0.0,162.0,1.41,0.0,18.7,0.667,0.422,0.0,0.0,0.0,0.0
2017 Tour d'Azerbaidjan Stage 3.gpx,https://www.komoot.com/tour/2969605841,23.8,3.46,132.0,0.0,18.9,0.0,153.0,5.78,0.0,19.2,1.23,1.18,0.0,0.0,0.0,0.0
2017 Tour d'Azerbaidjan Stage 4.gpx,https://www.komoot.com/tour/2969606328,26.3,1.94,111.0,0.0,22.9,0.0,136.0,3.3,0.0,23.0,3.65,3.65,0.0,0.0,0.0,0.0
2017 Tour d'Azerbaidjan Stage 5.gpx,https://www.komoot.com/tour/2969607452,16.0,8.35,63.0,16.2,45.0,0.0,83.8,9.9,11.3,54.8,11.1,0.0,0.192,0.0,0.0,0.0
2017 Tour de France Stage 1.gpx,https://www.komoot.com/tour/2969607980,5.94,1.32,1.69,3.65,0.0,0.0,12.2,0.551,0.924,0.236,0.863,0.0,0.0,0.105,0.0,0.0
2017 Tour de France Stage 10.gpx,https://www.komoot.com/tour/2969608812,63.7,0.901,109.0,2.51,0.0,0.118,172.0,3.92,0.0,0.335,0.0,0.0,0.0,0.0,0.0,0.0
2017 Tour de France Stage 11.gpx,https://www.komoot.com/tour/2969609424,92.6,0.413,99.0,11.6,0.366,0.0,204.0,0.0,0.0,0.366,0.0,0.0,0.0,0.0,0.0,0.0
2017 Tour de France Stage 12.gpx,https://www.komoot.com/tour/2969610062,168.0,0.465,44.4,1.69,0.77,0.0,214.0,0.62,0.0,0.77,0.0,0.0,0.0,0.0,0.0,0.0
2017 Tour de France Stage 13.gpx,https://www.komoot.com/tour/2969610575,100.0,0.0,0.73,0.0,0.0,0.0,101.0,0.0,0.0,0.0,0.0,0.0,0.0,0.0,0.0,0.0
2017 Tour de France Stage 14.gpx,https://www.komoot.com/tour/2969611011,141.0,0.773,37.4,0.922,0.608,0.0,179.0,0.13,0.0,0.501,0.0,0.0,0.0,0.0,0.0,0.0
2017 Tour de France Stage 15.gpx,https://www.komoot.com/tour/2969611593,183.0,0.461,3.52,3.01,0.524,0.0,190.0,0.535,0.0,0.575,0.0,0.358,0.358,0.19,0.0,0.0
2017 Tour de France Stage 16.gpx,https://www.komoot.com/tour/2969612215,124.0,0.0,28.6,12.0,0.0,0.0,165.0,0.16,0.0,0.0,0.0,0.0,0.0,0.0,0.0,0.0
2017 Tour de France Stage 17.gpx,https://www.komoot.com/tour/2969612846,148.0,0.116,16.4,18.8,0.268,0.0,183.0,0.204,0.0,0.37,0.0,0.0,0.0,0.0,0.0,0.0
2017 Tour de France Stage 18.gpx,https://www.komoot.com/tour/2969613526,80.3,0.513,92.7,3.76,1.55,0.0,177.0,0.0,0.0,1.57,0.0,0.0,0.0,0.0,0.0,0.0
2017 Tour de France Stage 19.gpx,https://www.komoot.com/tour/2969614175,172.0,0.0,44.7,5.99,0.0,0.0,222.0,0.0,0.0,0.0,0.0,0.0,0.0,0.0,0.0,0.0
2017 Tour de France Stage 2.gpx,https://www.komoot.com/tour/2969615241,77.2,6.72,47.4,41.3,6.24,0.0,182.0,14.2,3.75,6.43,1.73,0.153,0.557,0.0,0.0,0.0
2017 Tour de France Stage 20.gpx,https://www.komoot.com/tour/2969615859,13.3,2.87,0.0,4.41,1.27,0.0,19.4,0.0,1.1,1.99,0.16,0.0,0.0,0.0,0.0,0.0
2017 Tour de France Stage 21.gpx,https://www.komoot.com/tour/2969617035,24.3,1.21,44.5,30.0,0.0,0.215,58.8,3.12,41.0,0.0,2.71,0.0,0.14,0.0,0.0,0.0
2017 Tour de France Stage 3.gpx,https://www.komoot.com/tour/2969617978,96.2,5.78,106.0,2.08,2.12,0.227,205.0,1.58,0.74,5.22,0.17,0.0,0.0,0.0,0.0,0.0
2017 Tour de France Stage 4.gpx,https://www.komoot.com/tour/2969619165,139.0,1.59,53.7,7.84,0.119,0.0,195.0,6.87,0.0,0.119,0.0,0.0,0.0,0.0,0.0,0.0
2017 Tour de France Stage 5.gpx,https://www.komoot.com/tour/2969619819,135.0,2.13,22.9,0.131,0.0,0.0,160.0,0.0,0.0,0.0,0.0,0.0,0.0,0.0,0.0,0.0
2017 Tour de France Stage 6.gpx,https://www.komoot.com/tour/2969620392,103.0,0.161,104.0,10.1,0.191,0.0,216.0,2.23,0.0,0.246,1.22,0.684,0.0,0.0,0.0,0.0
2017 Tour de France Stage 7.gpx,https://www.komoot.com/tour/2969620798,99.1,0.135,114.0,0.266,0.0,0.0,210.0,3.24,0.0,0.0,0.49,0.49,0.0,0.0,0.0,0.0
2017 Tour de France Stage 8.gpx,https://www.komoot.com/tour/2969621504,153.0,0.98,35.4,0.391,0.0,0.0,183.0,6.9,0.0,0.0,2.42,2.34,0.0,0.0,0.0,0.0
2017 Tour de France Stage 9.gpx,https://www.komoot.com/tour/2969622572,175.0,0.129,1.26,5.08,0.196,0.0,177.0,4.2,0.0,0.0,0.0,0.0,0.0,0.0,0.0,0.0
2017 Tour de Luxembourg Prologue.gpx,https://www.komoot.com/tour/2969623701,0.731,0.352,0.0,0.281,0.253,0.0,1.04,0.0,0.602,0.287,0.302,0.0,0.0,0.0,0.0,0.0
2017 Tour de Luxembourg Stage 1.gpx,https://www.komoot.com/tour/2969624632,118.0,3.24,41.8,8.99,0.0,0.0,171.0,0.25,0.478,0.0,0.408,0.0,0.105,0.0,0.0,0.0
2017 Tour de Luxembourg Stage 2.gpx,https://www.komoot.com/tour/2969626199,116.0,2.38,55.4,1.61,0.523,0.0,176.0,0.294,0.223,0.523,0.515,0.0,0.0,0.221,0.0,0.0
2017 Tour de Luxembourg Stage 3.gpx,https://www.komoot.com/tour/2969627601,106.0,3.41,71.8,1.85,5.47,0.0,186.0,0.752,0.138,5.57,3.38,0.171,0.242,0.0,0.0,0.0
2017 Tour de Luxembourg Stage 4.gpx,https://www.komoot.com/tour/2969628599,131.0,4.25,37.2,1.69,2.15,0.0,173.0,1.36,1.04,2.27,2.03,0.448,0.513,0.0,0.0,0.0
2017 Tour de Normandie Stage 1.gpx,https://www.komoot.com/tour/2969629104,113.0,6.01,23.5,2.21,0.0,0.0,142.0,2.66,0.0,0.0,0.0,0.0,0.0,0.0,0.0,0.0
2017 Tour de Normandie Stage 2.gpx,https://www.komoot.com/tour/2969629864,156.0,1.04,2.46,1.99,0.0,0.0,159.0,1.99,0.226,0.0,0.0,0.0,0.0,0.0,0.0,0.0
2017 Tour de Normandie Stage 3.gpx,https://www.komoot.com/tour/2969630617,106.0,1.3,63.9,6.5,0.0,0.0,173.0,5.37,0.0,0.0,0.0,0.0,0.0,0.0,0.0,0.0
2017 Tour de Normandie Stage 4.gpx,https://www.komoot.com/tour/2969631466,106.0,1.51,44.2,4.51,0.842,0.0,152.0,4.41,0.0,0.842,0.0,0.0,0.0,0.0,0.0,0.0
2017 Tour de Normandie Stage 5.gpx,https://www.komoot.com/tour/2969632083,120.0,3.4,39.9,0.152,0.347,0.0,158.0,4.97,0.0,0.499,0.0,0.0,0.0,0.0,0.0,0.0
2017 Tour de Normandie Stage 6.gpx,https://www.komoot.com/tour/2969632627,141.0,2.02,5.73,2.89,0.0,0.0,147.0,4.55,0.0,0.0,0.0,0.0,0.0,0.0,0.0,0.0
2017 Tour de Normandie Stage 7.gpx,https://www.komoot.com/tour/2969633123,115.0,0.0,12.6,0.0,0.0,0.0,127.0,0.0,0.131,0.0,0.0,0.0,0.0,0.0,0.0,0.0
2017 Tour de Pologne Stage 1.gpx,https://www.komoot.com/tour/2969633770,96.3,1.5,30.5,3.48,0.0,0.0,130.0,0.603,0.728,0.148,0.255,0.138,0.111,0.0,0.0,0.0
2017 Tour de Pologne Stage 2.gpx,https://www.komoot.com/tour/2969634822,91.4,11.1,9.83,10.8,0.932,0.0,120.0,2.64,6.39,1.45,5.05,0.0,0.112,0.0,0.0,0.0
2017 Tour de Pologne Stage 3.gpx,https://www.komoot.com/tour/2969635571,147.0,2.05,5.12,1.9,4.2,0.0,156.0,0.822,0.515,4.28,0.655,0.0,0.0,0.0,0.0,0.0
2017 Tour de Pologne Stage 4.gpx,https://www.komoot.com/tour/2969636579,208.0,5.2,6.64,3.85,6.16,0.0,221.0,1.04,1.45,6.95,2.61,2.46,1.03,1.59,0.0,0.0
2017 Tour de Pologne Stage 5.gpx,https://www.komoot.com/tour/2969638887,107.0,12.8,7.55,2.81,0.244,0.0,129.0,3.16,0.792,1.26,3.83,0.845,0.0,0.0,0.0,0.0
2017 Tour de Pologne Stage 6.gpx,https://www.komoot.com/tour/2969639720,145.0,20.1,19.2,0.629,1.32,0.0,182.0,2.15,0.471,1.65,1.49,1.15,0.0,0.0,0.0,0.0
2017 Tour de Pologne Stage 7.gpx,https://www.komoot.com/tour/2969640594,103.0,19.1,9.29,0.0,0.0,0.0,131.0,0.0,0.0,0.0,0.0,0.0,0.0,0.0,0.0,0.0
2017 Tour de Romandie Prologue.gpx,https://www.komoot.com/tour/2969641243,2.36,1.01,0.828,0.496,0.0,0.0,3.93,0.928,0.0,0.0,0.168,0.0,0.0,0.0,0.0,0.0
2017 Tour de Romandie Stage 1.gpx,https://www.komoot.com/tour/2969642027,106.0,2.03,20.9,40.9,0.0,0.0,164.0,6.18,0.149,0.332,0.788,0.115,0.115,0.0,0.0,0.0
2017 Tour de Romandie Stage 2.gpx,https://www.komoot.com/tour/2969642941,101.0,5.78,24.7,28.1,0.214,0.136,151.0,8.98,0.0,0.544,0.169,0.0,0.0,0.0,0.0,0.0
2017 Tour de Romandie Stage 3.gpx,https://www.komoot.com/tour/2969643586,169.0,5.12,9.95,8.3,0.24,0.0,180.0,12.6,0.0,0.37,0.736,0.12,0.0,0.0,0.0,0.0
2017 Tour de Romandie Stage 4.gpx,https://www.komoot.com/tour/2969644381,119.0,0.785,32.7,10.1,0.87,0.0,162.0,0.604,0.0,1.13,0.241,0.0,0.0,0.0,0.0,0.0
2017 Tour de Romandie Stage 5.gpx,https://www.komoot.com/tour/2969644973,5.91,2.87,0.428,7.79,0.563,0.0,15.6,0.892,0.559,0.788,0.107,0.0,0.141,0.0,0.0,0.0
2017 Tour de Suisse Prologue.gpx,https://www.komoot.com/tour/2969645390,2.63,1.18,0.0,1.31,0.0,0.0,5.49,0.539,0.0,0.0,0.91,0.0,0.0,0.0,0.0,0.0
2017 Tour de Suisse Stage 1.gpx,https://www.komoot.com/tour/2969645859,150.0,0.867,7.07,12.5,1.67,0.0,146.0,24.4,0.0,1.67,0.0,0.0,0.0,0.0,0.0,0.0
2017 Tour de Suisse Stage 2.gpx,https://www.komoot.com/tour/2969646635,59.9,4.28,60.3,26.6,0.388,0.186,150.0,5.16,1.33,1.36,0.477,0.206,0.0,0.0,0.0,0.0
2017 Tour de Suisse Stage 3.gpx,https://www.komoot.com/tour/2969647521,104.0,1.0,34.4,10.5,0.0,0.0,144.0,5.57,0.0,0.0,0.192,0.0,0.0,0.0,0.0,0.0
2017 Tour de Suisse Stage 4.gpx,https://www.komoot.com/tour/2969648531,78.8,0.558,79.8,54.2,4.64,0.0,212.0,0.97,0.0,4.9,1.55,1.6,0.0,0.0,0.0,0.0
2017 Tour de Suisse Stage 5.gpx,https://www.komoot.com/tour/2969649254,46.6,0.703,109.0,8.89,0.0,0.0,164.0,0.0,1.45,0.0,0.721,0.115,0.0,0.63,0.0,0.0
2017 Tour de Suisse Stage 6.gpx,https://www.komoot.com/tour/2969649926,31.6,2.19,121.0,5.11,5.02,0.153,160.0,0.528,0.0,5.02,1.15,0.884,0.0,0.237,0.0,0.0
2017 Tour de Suisse Stage 7.gpx,https://www.komoot.com/tour/2969650539,67.7,3.66,1.04,27.8,0.0,0.0,70.3,29.9,0.0,0.0,0.0,0.0,0.0,0.0,0.0,0.0
2017 Tour de Suisse Stage 8.gpx,https://www.komoot.com/tour/2969651157,20.4,0.57,0.649,6.53,0.204,0.0,26.4,1.8,0.386,0.257,0.122,0.0,0.305,0.0,0.0,0.0
2017 Tour de Taiwan Stage 1.gpx,https://www.komoot.com/tour/2969652815,54.0,0.878,1.82,14.9,0.0,0.0,59.6,17.0,2.23,9.78,17.0,0.0,0.0,0.0,0.0,0.0
2017 Tour de Taiwan Stage 2.gpx,https://www.komoot.com/tour/2969653474,36.3,0.122,78.0,2.7,0.176,0.0,109.0,7.86,0.0,0.182,0.0,0.0,0.0,0.0,0.0,0.0
2017 Tour de Taiwan Stage 3.gpx,https://www.komoot.com/tour/2969654421,23.8,2.3,90.1,5.74,1.0,0.0,107.0,13.7,0.0,1.96,0.0,0.0,0.0,0.0,0.0,0.0
2017 Tour de Taiwan Stage 4.gpx,https://www.komoot.com/tour/2969654840,43.2,1.66,108.0,13.2,0.533,0.0,164.0,1.52,0.0,0.793,0.0,0.0,0.0,0.0,0.0,0.0
2017 Tour de Taiwan Stage 5.gpx,https://www.komoot.com/tour/2969655470,84.7,1.53,107.0,0.0,0.0,0.155,186.0,5.98,0.0,1.28,0.0,0.0,0.0,0.0,0.0,0.0
2017 Tour de Vendee.gpx,https://www.komoot.com/tour/2969656183,160.0,4.55,23.3,15.0,0.819,0.0,167.0,35.6,0.0,0.958,0.127,0.0,0.109,0.0,0.0,0.0
2017 Tour de Yorkshire Stage 1.gpx,https://www.komoot.com/tour/2969656757,93.6,1.08,77.8,0.0,0.324,0.0,159.0,12.9,0.56,0.68,0.103,0.0,0.0,0.0,0.0,0.0
2017 Tour de Yorkshire Stage 2.gpx,https://www.komoot.com/tour/2969657243,91.9,0.348,28.3,0.567,0.28,0.0,119.0,2.97,0.103,0.354,0.45,0.0,0.264,0.0,0.0,0.0
2017 Tour de Yorkshire Stage 3.gpx,https://www.komoot.com/tour/2969658228,119.0,2.84,65.5,6.19,0.894,0.0,186.0,6.6,1.03,0.894,0.134,0.0,0.0,0.0,0.0,0.0
2017 Tour de l'Ain Prologue.gpx,https://www.komoot.com/tour/2969658620,0.805,0.71,2.11,0.0,0.259,0.0,3.4,0.23,0.0,0.0,0.0,0.0,0.0,0.0,0.0,0.0
2017 Tour de l'Ain Stage 1.gpx,https://www.komoot.com/tour/2969659111,113.0,14.6,11.5,0.877,0.608,0.0,128.0,11.3,0.0,1.64,0.697,0.0,0.0,0.0,0.0,0.0
2017 Tour de l'Ain Stage 2.gpx,https://www.komoot.com/tour/2969659554,134.0,1.5,11.0,0.0,0.0,0.0,134.0,12.3,0.0,0.0,0.0,0.0,0.0,0.0,0.0,0.0
2017 Tour de l'Ain Stage 3.gpx,https://www.komoot.com/tour/2969660067,122.0,1.79,10.9,0.316,0.163,0.0,131.0,3.69,0.0,0.163,0.0,0.0,0.0,0.0,0.0,0.0
2017 Tour de l'Ain Stage 4.gpx,https://www.komoot.com/tour/2969660386,110.0,0.0,1.2,0.182,0.0,0.0,111.0,0.0,0.0,0.0,0.0,0.0,0.0,0.0,0.0,0.0
2017 Tour des Fjords Stage 1.gpx,https://www.komoot.com/tour/2969660814,22.8,6.31,157.0,2.32,1.44,0.0,182.0,6.28,0.0,1.98,0.158,0.0,0.0,0.0,0.0,0.0
2017 Tour des Fjords Stage 2.gpx,https://www.komoot.com/tour/2969661217,13.8,1.12,135.0,1.2,34.4,0.0,151.0,0.523,0.0,31.4,1.27,1.2,0.362,0.0,0.0,0.0
2017 Tour des Fjords Stage 3.gpx,https://www.komoot.com/tour/2969661739,27.4,1.82,122.0,4.93,23.8,0.0,153.0,2.8,0.0,22.8,0.339,0.0,0.0,0.0,0.0,0.0
2017 Tour des Fjords Stage 4.gpx,https://www.komoot.com/tour/2969662641,105.0,2.68,44.1,8.03,0.212,0.0,156.0,4.25,0.134,0.391,0.298,0.0,0.0,0.0,0.0,0.0
2017 Tour des Fjords Stage 5.gpx,https://www.komoot.com/tour/2969663603,70.4,3.54,70.4,16.8,1.37,0.0,158.0,2.28,0.711,1.79,0.621,0.0,0.0,0.0,0.0,0.0
2017 Tour du Doubs.gpx,https://www.komoot.com/tour/2969664241,140.0,0.999,35.4,5.48,0.177,0.0,181.0,1.01,0.0,0.187,0.194,0.0,0.0,0.0,0.0,0.0
2017 Tour du Finistere.gpx,https://www.komoot.com/tour/2969664725,119.0,3.64,57.1,13.3,0.0,0.0,181.0,13.0,0.0,0.0,0.252,0.0,0.0,0.0,0.0,0.0
2017 Tour du Limousin Stage 1.gpx,https://www.komoot.com/tour/2969665216,137.0,3.21,28.2,0.0,0.253,0.0,162.0,6.52,0.0,0.253,0.0,0.0,0.0,0.0,0.0,0.0
2017 Tour du Limousin Stage 2.gpx,https://www.komoot.com/tour/2969665611,185.0,0.0,1.19,0.0,0.0,0.0,178.0,7.84,0.0,0.0,0.0,0.0,0.0,0.0,0.0,0.0
2017 Tour du Limousin Stage 3.gpx,https://www.komoot.com/tour/2969666122,176.0,0.0,8.62,0.0,0.0,0.0,184.0,0.425,0.0,0.0,0.0,0.0,0.0,0.0,0.0,0.0
2017 Tour du Limousin Stage 4.gpx,https://www.komoot.com/tour/2969667002,150.0,12.6,4.66,1.51,0.0,0.0,141.0,27.8,0.0,0.0,0.0,0.0,0.0,0.0,0.0,0.0
2017 Tour of Alberta Stage 1.gpx,https://www.komoot.com/tour/2969667457,86.6,0.0,75.6,0.0,0.0,0.0,157.0,4.83,0.0,0.0,0.0,0.0,0.0,0.0,0.0,0.0
2017 Tour of Alberta Stage 2.gpx,https://www.komoot.com/tour/2969667941,106.0,0.0,30.0,0.0,0.34,0.0,131.0,5.28,0.0,0.34,0.0,0.0,0.0,0.0,0.0,0.0
2017 Tour of Almaty Stage 1.gpx,https://www.komoot.com/tour/2969670795,88.4,0.0,85.3,0.0,1.91,0.0,174.0,0.0,0.0,1.91,0.0,0.0,0.0,0.0,0.0,0.0
2017 Tour of California Stage 1.gpx,https://www.komoot.com/tour/2969672500,6.63,0.284,56.1,56.9,0.0,0.0,119.0,0.907,0.0,0.0,0.0,0.0,0.0,0.0,0.0,0.0
2017 Tour of California Stage 2.gpx,https://www.komoot.com/tour/2969672970,50.9,0.389,53.0,5.14,0.0,0.0,93.5,15.9,0.0,0.0,0.0,0.0,0.0,0.0,0.0,0.0
2017 Tour of California Stage 3.gpx,https://www.komoot.com/tour/2969673471,88.6,0.0,24.1,5.33,0.0,0.0,117.0,0.984,0.0,0.0,0.0,0.0,0.0,0.0,0.0,0.0
2017 Tour of California Stage 4.gpx,https://www.komoot.com/tour/2969674224,30.3,5.06,7.75,27.6,0.0,0.0,70.7,0.0,0.0,0.0,0.0,0.0,0.0,0.0,0.0,0.0
2017 Tour of Croatia Stage 1.gpx,https://www.komoot.com/tour/2969674819,22.8,7.31,159.0,31.0,4.59,0.0,219.0,2.48,0.133,4.61,2.05,1.2,0.308,0.0,0.0,0.0
2017 Tour of Croatia Stage 2.gpx,https://www.komoot.com/tour/2969675350,34.0,2.73,82.6,0.0,2.33,0.0,118.0,0.55,0.527,2.83,1.31,0.236,0.0,0.201,0.0,0.0
2017 Tour of Croatia Stage 3.gpx,https://www.komoot.com/tour/2969676375,67.5,6.64,150.0,2.7,7.84,0.0,223.0,3.78,0.727,8.08,1.85,0.818,0.0,0.0,0.0,0.0
2017 Tour of Croatia Stage 4.gpx,https://www.komoot.com/tour/2969677247,23.1,2.52,111.0,0.0,33.8,0.0,130.0,6.58,0.179,34.4,0.741,0.466,0.491,0.0,0.0,0.0
2017 Tour of Croatia Stage 5.gpx,https://www.komoot.com/tour/2969678235,82.3,0.554,49.6,0.0,7.7,0.0,132.0,0.803,0.0,7.93,0.529,0.0,0.0,0.0,0.0,0.0
2017 Tour of Croatia Stage 6.gpx,https://www.komoot.com/tour/2969679580,33.1,2.76,83.7,5.44,14.3,0.129,128.0,1.02,1.86,14.8,2.9,0.301,0.161,0.0,0.0,0.0
2017 Tour of Estonia Stage 1.gpx,https://www.komoot.com/tour/2969680538,206.0,0.347,4.56,0.206,0.0,0.0,206.0,0.0,0.0,0.0,0.0,4.59,0.0,0.0,0.0,0.0
2017 Tour of Fuzhou Stage 1.gpx,https://www.komoot.com/tour/2969682665,14.3,2.7,0.68,0.275,85.8,0.0,14.9,2.18,0.0,91.4,7.72,0.107,0.0,0.0,0.0,0.0
2017 Tour of Fuzhou Stage 2.gpx,https://www.komoot.com/tour/2969683262,7.72,0.0,0.0,0.0,102.0,0.0,7.72,0.816,0.0,104.0,2.7,0.0,0.0,0.0,0.0,0.0
2017 Tour of Fuzhou Stage 3.gpx,https://www.komoot.com/tour/2969683685,4.56,2.31,0.744,0.134,110.0,0.0,2.08,5.09,0.0,111.0,0.461,0.301,0.0,0.0,0.0,0.0
2017 Tour of Fuzhou Stage 4.gpx,https://www.komoot.com/tour/2969684127,2.01,0.74,1.06,0.0,128.0,0.0,2.17,1.01,0.0,128.0,0.0,0.101,0.101,0.0,0.0,0.0
2017 Tour of Fuzhou Stage 5.gpx,https://www.komoot.com/tour/2969684616,0.74,0.0,2.79,0.0,123.0,0.0,3.53,0.0,0.0,125.0,1.96,1.81,1.81,0.0,0.0,0.0
2017 Tour of Guangxi Stage 1.gpx,https://www.komoot.com/tour/2969685056,6.43,2.39,5.18,0.0,95.4,0.0,10.5,3.18,0.0,95.8,0.0,0.0,0.0,0.0,0.0,0.0
2017 Tour of Guangxi Stage 2.gpx,https://www.komoot.com/tour/2969685612,3.54,3.33,3.72,0.0,146.0,0.0,6.74,4.09,0.0,147.0,0.418,0.106,0.0,0.0,0.0,0.0
2017 Tour of Guangxi Stage 3.gpx,https://www.komoot.com/tour/2969686136,7.91,5.33,0.154,0.79,110.0,0.141,7.22,7.99,0.0,115.0,5.49,0.424,0.96,0.0,0.0,0.0
2017 Tour of Guangxi Stage 4.gpx,https://www.komoot.com/tour/2969686571,2.04,1.31,4.91,0.0,143.0,0.0,6.06,1.85,0.0,144.0,0.393,0.0,0.0,0.0,0.0,0.0
2017 Tour of Guangxi Stage 5.gpx,https://www.komoot.com/tour/2969687277,4.12,3.02,2.14,0.244,192.0,0.0,2.64,5.65,0.0,193.0,0.0,0.0,0.0,0.0,0.0,0.0
2017 Tour of Guangxi Stage 6.gpx,https://www.komoot.com/tour/2969688049,3.07,4.4,3.24,1.26,162.0,0.0,5.03,3.68,0.0,166.0,1.38,0.957,0.19,0.0,0.0,0.0
2017 Tour of Hainan Stage 1.gpx,https://www.komoot.com/tour/2969688511,3.31,1.53,2.91,0.0,82.5,0.0,3.51,3.86,0.0,83.3,0.349,0.0,0.0,0.0,0.0,0.0
2017 Tour of Hainan Stage 2.gpx,https://www.komoot.com/tour/2969688910,3.93,2.45,2.39,1.26,219.0,0.0,4.47,5.62,0.0,220.0,1.37,0.0,0.0,0.0,0.0,0.0
2017 Tour of Hainan Stage 3.gpx,https://www.komoot.com/tour/2969689410,2.1,0.238,0.19,0.0,152.0,0.0,2.29,0.238,0.0,152.0,0.0,0.0,0.0,0.0,0.0,0.0
2017 Tour of Hainan Stage 4.gpx,https://www.komoot.com/tour/2969690012,0.949,2.06,1.98,0.0,188.0,0.0,2.59,2.21,0.0,188.0,0.0,0.197,0.0,0.0,0.0,0.0
2017 Tour of Hainan Stage 5.gpx,https://www.komoot.com/tour/2969690482,1.75,0.215,3.61,0.0,163.0,0.0,5.12,0.534,0.0,163.0,0.0,0.0,0.0,0.0,0.0,0.0
2017 Tour of Hainan Stage 6.gpx,https://www.komoot.com/tour/2969691104,2.0,2.06,6.34,0.0,211.0,0.0,7.45,2.64,0.0,158.0,0.0,0.0,0.0,0.0,0.0,0.0
2017 Tour of Hainan Stage 7.gpx,https://www.komoot.com/tour/2969691607,3.48,0.386,0.68,0.0,164.0,0.0,2.93,1.44,0.0,164.0,0.0,0.0,0.0,0.0,0.0,0.0
2017 Tour of Hainan Stage 8.gpx,https://www.komoot.com/tour/2969692217,1.91,2.09,1.7,0.0,192.0,0.0,2.42,3.24,0.0,193.0,0.631,0.0,0.0,0.0,0.0,0.0
2017 Tour of Hainan Stage 9.gpx,https://www.komoot.com/tour/2969692645,8.61,2.89,2.91,0.0,140.0,0.0,5.17,8.67,0.0,141.0,0.81,0.476,0.0,0.0,0.0,0.0
2017 Tour of Norway Stage 1.gpx,https://www.komoot.com/tour/2969693437,66.5,0.869,95.4,5.85,1.85,0.0,167.0,1.11,0.0,2.26,0.0,0.0,0.0,0.0,0.0,0.0
2017 Tour of Norway Stage 2.gpx,https://www.komoot.com/tour/2969694107,96.5,2.17,90.4,4.67,1.66,0.0,190.0,3.72,0.0,2.07,0.0,0.0,0.0,0.0,0.0,0.0
2017 Tour of Norway Stage 3.gpx,https://www.komoot.com/tour/2969694904,82.1,6.3,95.0,11.6,0.601,0.137,191.0,1.41,0.288,1.17,0.181,0.0,0.0,2.17,0.0,0.0
2017 Tour of Norway Stage 4.gpx,https://www.komoot.com/tour/2969696031,18.4,0.844,172.0,3.07,0.673,0.0,192.0,2.18,0.0,0.772,0.187,0.0,0.0,0.0,0.0,0.0
2017 Tour of Norway Stage 5.gpx,https://www.komoot.com/tour/2969696821,65.7,3.11,52.4,22.6,8.17,0.0,139.0,3.85,1.03,8.54,0.459,0.0,0.0,0.0,0.0,0.0
2017 Tour of Oman Stage 1.gpx,https://www.komoot.com/tour/2969697418,34.0,0.147,139.0,0.0,4.28,0.0,168.0,4.49,0.0,4.24,0.0,0.0,0.0,0.0,0.0,0.0
2017 Tour of Oman Stage 2.gpx,https://www.komoot.com/tour/2969698004,67.2,0.523,66.7,0.0,13.4,0.0,114.0,19.5,0.0,13.6,0.0,0.0,0.0,0.0,0.0,0.0
2017 Tour of Oman Stage 3.gpx,https://www.komoot.com/tour/2969698730,4.69,0.162,156.0,0.0,0.856,0.0,161.0,0.0,0.0,0.856,0.0,0.0,0.0,0.0,0.0,0.0
2017 Tour of Oman Stage 4.gpx,https://www.komoot.com/tour/2969699456,29.5,5.09,82.8,0.0,2.78,0.0,114.0,1.45,0.0,4.28,0.0,0.0,0.0,0.0,0.0,0.0
2017 Tour of Oman Stage 5.gpx,https://www.komoot.com/tour/2969699888,105.0,0.0,50.1,0.619,3.03,0.0,155.0,0.0,0.0,2.03,0.0,0.0,0.0,0.0,0.0,0.0
2017 Tour of Oman Stage 6.gpx,https://www.komoot.com/tour/2969700452,45.5,0.479,54.6,0.0,33.1,0.2,88.1,12.7,0.0,33.1,0.0,0.0,0.0,0.0,0.0,0.0
2017 Tour of Qinghai Lake Stage 1.gpx,https://www.komoot.com/tour/2969700863,3.92,3.6,17.2,0.0,113.0,0.0,19.4,5.05,0.0,113.0,0.0,0.0,0.0,0.0,0.0,0.0
2017 Tour of Qinghai Lake Stage 10.gpx,https://www.komoot.com/tour/2969701524,6.82,4.03,8.48,0.0,135.0,0.0,12.9,5.52,0.0,137.0,0.866,0.797,0.191,0.0,0.0,0.0
2017 Tour of Qinghai Lake Stage 12.gpx,https://www.komoot.com/tour/2969703123,0.673,4.78,13.0,0.0,87.2,0.0,13.7,4.79,0.0,87.2,0.0,0.0,0.0,0.0,0.0,0.0
2017 Tour of Qinghai Lake Stage 13.gpx,https://www.komoot.com/tour/2969703860,10.1,3.37,42.9,0.0,60.8,0.0,47.8,5.9,0.0,69.3,5.83,0.0,0.0,0.0,0.0,0.0
2017 Tour of Qinghai Lake Stage 2.gpx,https://www.komoot.com/tour/2969704630,2.82,6.48,8.39,0.0,106.0,1.28,11.2,3.34,0.0,110.0,0.0,0.0,0.0,0.0,0.0,0.0
2017 Tour of Qinghai Lake Stage 3.gpx,https://www.komoot.com/tour/2969705252,4.59,2.96,12.7,0.0,126.0,0.0,16.5,3.41,0.0,127.0,0.889,0.0,0.0,0.0,0.0,0.0
2017 Tour of Qinghai Lake Stage 4.gpx,https://www.komoot.com/tour/2969705783,1.56,0.948,4.13,23.3,134.0,0.0,28.9,0.576,0.0,135.0,0.573,0.121,0.0,0.0,0.0,0.0
2017 Tour of Qinghai Lake Stage 5.gpx,https://www.komoot.com/tour/2969706307,0.0,0.0,30.0,30.3,125.0,0.0,60.3,0.0,0.0,125.0,0.0,0.0,0.0,0.0,0.0,0.0
2017 Tour of Qinghai Lake Stage 6.gpx,https://www.komoot.com/tour/2969706948,7.55,3.14,0.443,0.0,57.6,0.0,3.51,4.48,0.0,60.7,0.0,0.0,0.0,0.0,0.0,0.0
2017 Tour of Qinghai Lake Stage 7.gpx,https://www.komoot.com/tour/2969707435,3.21,1.24,2.48,0.0,164.0,0.0,4.8,0.881,0.0,165.0,0.0,0.0,0.0,0.0,0.0,0.0
2017 Tour of Qinghai Lake Stage 8.gpx,https://www.komoot.com/tour/2969708044,12.3,0.367,14.3,0.0,203.0,0.0,26.5,0.228,0.0,203.0,0.0,0.0,0.0,0.0,0.0,0.0
2017 Tour of Qinghai Lake Stage 9.gpx,https://www.komoot.com/tour/2969708765,5.48,5.5,31.5,0.0,184.0,0.0,34.2,7.95,0.0,184.0,0.674,0.674,0.0,0.0,0.0,0.0
2017 Tour of Slovaquie Prologue.gpx,https://www.komoot.com/tour/2969709560,0.846,2.16,0.0,0.0,0.471,0.0,1.41,1.84,0.123,0.608,0.443,0.0,0.0,0.0,0.0,0.0
2017 Tour of Slovaquie Stage 1.gpx,https://www.komoot.com/tour/2969710428,132.0,4.08,60.1,0.345,14.6,0.0,194.0,2.28,0.179,15.2,1.65,1.48,0.0,0.0,0.0,0.0
2017 Tour of Slovaquie Stage 3.gpx,https://www.komoot.com/tour/2969711470,209.0,3.64,8.68,0.0,0.0,0.0,219.0,2.36,0.233,0.0,0.495,0.588,0.327,0.0,0.0,0.0
2017 Tour of Slovaquie Stage 4.gpx,https://www.komoot.com/tour/2969712330,110.0,21.1,11.3,3.77,0.0,0.0,145.0,0.796,5.48,0.543,5.17,0.0,0.0,0.0,0.0,0.0
2017 Tour of Slovenia Stage 1.gpx,https://www.komoot.com/tour/2969713024,128.0,5.88,23.6,4.16,0.36,0.0,156.0,5.95,0.168,0.632,0.412,0.23,0.0,0.0,0.0,0.0
2017 Tour of Slovenia Stage 2.gpx,https://www.komoot.com/tour/2969714129,119.0,4.82,13.9,23.6,0.378,0.215,162.0,8.86,0.0,0.829,5.05,0.0,0.0,0.0,0.0,0.0
2017 Tour of Slovenia Stage 3.gpx,https://www.komoot.com/tour/2969714930,133.0,14.9,12.2,5.42,0.791,0.0,143.0,26.0,0.215,1.53,1.12,0.353,0.303,0.0,0.0,0.0
2017 Tour of Slovenia Stage 4.gpx,https://www.komoot.com/tour/2969715947,86.0,5.22,59.0,11.4,0.709,0.0,152.0,9.28,1.6,0.847,1.56,0.0,0.0,0.0,0.0,0.0
2017 Tour of Thailand Stage 1.gpx,https://www.komoot.com/tour/2969716682,72.1,1.8,121.0,0.0,0.0,0.0,193.0,2.05,0.0,0.0,0.0,0.0,0.0,0.0,0.0,0.0
2017 Tour of Thailand Stage 3.gpx,https://www.komoot.com/tour/2969718393,2.58,0.104,107.0,0.0,0.607,0.331,0.496,110.0,0.0,0.607,0.0,0.0,0.0,0.0,0.0,0.0
2017 Tour of Thailand Stage 4.gpx,https://www.komoot.com/tour/2969718798,30.8,0.0,89.5,0.0,0.0,0.0,45.7,74.7,0.0,0.0,0.0,0.0,0.0,0.0,0.0,0.0
2017 Tour of Thailand Stage 5.gpx,https://www.komoot.com/tour/2969719262,81.1,0.198,112.0,0.0,0.625,0.0,155.0,37.6,0.0,0.625,0.11,0.213,0.0,0.0,0.0,0.0
2017 Tour of Thailand Stage 6.gpx,https://www.komoot.com/tour/2969719877,17.5,0.494,92.8,18.0,7.06,0.0,48.6,80.0,0.0,7.12,0.0,0.318,0.0,0.0,0.0,0.0
2017 Tour of the Alps Stage 1.gpx,https://www.komoot.com/tour/2969720531,113.0,0.454,26.1,2.69,0.0,0.0,142.0,1.28,0.0,0.0,0.301,0.0,0.693,0.205,0.0,0.0
2017 Tour of the Alps Stage 2.gpx,https://www.komoot.com/tour/2969721249,28.1,0.941,104.0,1.61,5.71,0.0,133.0,1.23,0.0,6.0,0.799,0.566,0.0,0.0,0.0,0.0
2017 Tour of the Alps Stage 3.gpx,https://www.komoot.com/tour/2969721883,89.7,0.719,36.8,0.219,8.1,0.0,126.0,0.773,0.0,8.35,0.297,0.183,0.183,0.276,0.0,0.0
2017 Tour of the Alps Stage 4.gpx,https://www.komoot.com/tour/2969722565,87.9,0.158,73.8,3.07,0.525,0.0,164.0,0.583,0.166,0.627,0.0,0.0,0.0,0.0,0.0,0.0
2017 Tour of the Alps Stage 5.gpx,https://www.komoot.com/tour/2969723550,120.0,0.664,67.8,2.41,4.45,0.0,190.0,1.06,1.5,4.53,1.65,0.744,0.708,0.0,0.0,0.0
2017 Tre Valli Varesine.gpx,https://www.komoot.com/tour/2969724505,110.0,28.2,38.8,15.0,2.51,0.0,187.0,4.73,0.172,2.53,0.0,0.138,0.0,0.0,0.0,0.0
2017 Tro Bro Leon.gpx,https://www.komoot.com/tour/2969725164,162.0,3.94,12.3,5.19,0.994,0.0,146.0,40.6,0.994,1.45,19.0,15.6,2.21,0.992,0.0,0.0
2017 Trofeo Andratx-Mirador des Colomer.gpx,https://www.komoot.com/tour/2969725897,142.0,3.65,4.53,8.33,0.0,0.0,157.0,1.04,0.0,0.222,0.0,0.0,0.0,0.0,0.0,0.0
2017 Trofeo Laigueglia.gpx,https://www.komoot.com/tour/2969726704,112.0,6.24,64.3,7.75,2.41,0.0,174.0,15.7,0.256,1.87,0.0,0.0,0.0,0.0,0.0,0.0
2017 Trofeo Matteotti.gpx,https://www.komoot.com/tour/2969727698,160.0,0.135,0.0,32.9,0.0,0.0,193.0,0.0,0.368,0.316,0.809,0.0,0.0,0.0,0.0,0.0
2017 Trofeo Palma.gpx,https://www.komoot.com/tour/2969728431,71.4,1.85,79.7,7.94,1.01,0.0,152.0,8.59,0.0,1.14,0.461,0.0,0.0,0.297,0.0,0.0
2017 Trofeo Porreres-Felanitx-Ses Salines-Campos.gpx,https://www.komoot.com/tour/2969728975,123.0,4.1,18.6,15.0,0.0,0.0,151.0,9.69,0.295,0.0,0.0,0.0,0.0,0.0,0.0,0.0
2017 Trofeo Serra de Tramuntana.gpx,https://www.komoot.com/tour/2969729559,149.0,0.347,2.31,2.67,0.0,0.0,154.0,0.0,0.0,0.0,0.0,0.0,0.0,0.0,0.0,0.0
2017 UCI Road World Championships - ITT.gpx,https://www.komoot.com/tour/2969730310,8.49,2.47,15.1,9.88,0.0,0.0,32.2,2.21,2.57,0.192,1.27,0.0,0.0,0.0,0.0,0.0
2017 UCI Road World Championships - TTT.gpx,https://www.komoot.com/tour/2969731035,9.78,0.0,24.9,5.2,2.42,0.0,37.4,1.83,0.957,2.53,0.436,0.0,0.0,0.0,0.0,0.0
2017 UEC European Championships - ITT.gpx,https://www.komoot.com/tour/2969732736,15.7,0.485,0.532,7.26,0.0,0.0,31.3,0.0,0.0,0.22,0.222,0.222,0.0,0.0,0.0,0.0
2017 UEC European Championships.gpx,https://www.komoot.com/tour/2969733593,48.2,7.05,4.26,33.1,4.79,0.0,140.0,14.2,0.896,4.79,2.06,1.19,0.0,0.0,0.0,0.0
2017 USA Road National Championships - ITT.gpx,https://www.komoot.com/tour/2969734227,5.09,4.14,8.33,7.9,3.72,0.0,21.3,4.97,0.0,5.71,2.85,0.0,0.0,0.0,0.0,0.0
2017 USA Road National Championships.gpx,https://www.komoot.com/tour/2969735044,37.3,46.6,0.0,41.0,54.2,0.0,72.7,53.6,0.0,54.4,0.149,0.0,1.31,0.0,0.0,0.0
2017 VOO-Tour de Wallonie Stage 1.gpx,https://www.komoot.com/tour/2969735695,135.0,5.4,46.4,2.73,0.199,0.0,181.0,7.9,0.941,0.199,0.0,0.0,0.0,0.0,0.0,0.0
2017 VOO-Tour de Wallonie Stage 2.gpx,https://www.komoot.com/tour/2969736393,131.0,2.25,48.5,7.44,0.0,0.0,185.0,3.52,0.0,0.138,0.271,0.0,0.0,0.0,0.0,0.0
2017 VOO-Tour de Wallonie Stage 3.gpx,https://www.komoot.com/tour/2969736968,117.0,4.48,56.1,6.41,0.977,0.0,172.0,11.8,0.367,1.07,0.0,0.0,0.0,0.0,0.0,0.0
2017 VOO-Tour de Wallonie Stage 4.gpx,https://www.komoot.com/tour/2969737747,66.0,2.53,64.7,42.3,1.12,0.217,157.0,19.5,0.599,1.23,0.233,0.0,0.0,0.0,0.0,0.0
2017 VOO-Tour de Wallonie Stage 5.gpx,https://www.komoot.com/tour/2969738293,89.7,7.06,65.3,30.4,0.488,0.0,177.0,14.3,1.48,0.488,0.0,0.0,0.0,0.0,0.0,0.0
2017 Velothon Wales.gpx,https://www.komoot.com/tour/2969739006,92.8,0.515,79.0,1.6,0.904,0.0,169.0,5.55,0.0,0.981,0.377,0.0,0.0,0.0,0.0,0.0
2017 Volta Ciclista a Catalunya Stage 1.gpx,https://www.komoot.com/tour/2969739849,148.0,9.2,23.4,0.252,0.3,0.0,172.0,9.15,0.0,0.466,1.01,0.0,0.0,0.0,0.0,0.0
2017 Volta Ciclista a Catalunya Stage 2.gpx,https://www.komoot.com/tour/2969740447,41.2,0.123,0.0,0.0,0.0,0.0,38.7,2.71,0.0,0.173,0.173,0.0,0.0,0.0,0.0,0.0
2017 Volta Ciclista a Catalunya Stage 3.gpx,https://www.komoot.com/tour/2969741405,121.0,8.61,44.7,0.105,12.8,0.0,175.0,1.47,0.0,12.8,1.48,0.831,0.47,0.287,0.0,0.0
2017 Volta Ciclista a Catalunya Stage 4.gpx,https://www.komoot.com/tour/2969742047,74.5,2.44,115.0,0.236,2.99,0.0,190.0,1.75,0.0,2.74,0.0,0.0,0.0,0.0,0.0,0.0
2017 Volta Ciclista a Catalunya Stage 5.gpx,https://www.komoot.com/tour/2969742913,124.0,2.08,54.8,1.02,0.0,0.0,178.0,4.03,0.0,0.0,0.0,0.11,0.0,0.0,0.0,0.0
2017 Volta Ciclista a Catalunya Stage 6.gpx,https://www.komoot.com/tour/2969743595,133.0,1.23,51.8,0.365,3.31,0.0,185.0,1.58,0.0,3.58,0.894,0.785,0.0,0.0,0.0,0.0
2017 Volta Limburg Classic.gpx,https://www.komoot.com/tour/2969745486,140.0,6.75,0.0,43.0,0.0,0.0,180.0,16.7,2.91,0.0,0.142,0.0,0.0,0.0,0.0,0.0
2017 Volta a Portugal em Bicicleta Santander Totta Prologue.gpx,https://www.komoot.com/tour/2969745998,0.0,0.512,4.8,0.0,0.0,0.0,5.36,0.0,0.0,0.0,0.0,0.0,0.0,0.0,0.0,0.0
2017 Volta a Portugal em Bicicleta Santander Totta Stage 1.gpx,https://www.komoot.com/tour/2969746598,18.9,2.81,179.0,0.751,0.934,0.0,199.0,0.633,2.36,1.02,0.6,0.0,0.0,0.0,0.0,0.0
2017 Volta a Portugal em Bicicleta Santander Totta Stage 10.gpx,https://www.komoot.com/tour/2969747113,9.37,0.582,10.3,0.0,0.0,0.0,19.6,0.582,0.0,0.0,0.0,0.0,0.0,0.0,0.0,0.0
2017 Volta a Portugal em Bicicleta Santander Totta Stage 2.gpx,https://www.komoot.com/tour/2969747607,42.3,1.02,170.0,0.0,0.642,0.106,212.0,1.88,0.328,0.642,0.0,0.0,0.0,0.0,0.0,0.0
2017 Volta a Portugal em Bicicleta Santander Totta Stage 3.gpx,https://www.komoot.com/tour/2969748284,23.9,3.2,134.0,0.0,1.52,0.0,156.0,4.18,0.87,1.52,0.0,0.0,0.0,0.0,0.0,0.0
2017 Volta a Portugal em Bicicleta Santander Totta Stage 4.gpx,https://www.komoot.com/tour/2969748845,47.3,0.0,104.0,0.0,0.975,0.0,151.0,0.0,0.382,0.4,0.0,0.0,0.0,0.0,0.0,0.0
2017 Volta a Portugal em Bicicleta Santander Totta Stage 5.gpx,https://www.komoot.com/tour/2969749425,38.0,0.0,142.0,0.0,0.236,0.0,177.0,0.0,3.15,0.236,0.0,0.0,0.0,0.0,0.0,0.0
2017 Volta a Portugal em Bicicleta Santander Totta Stage 6.gpx,https://www.komoot.com/tour/2969750008,85.2,3.6,91.6,0.0,0.544,0.0,167.0,11.3,2.21,0.544,0.895,0.895,0.0,0.0,0.0,0.0
2017 Volta a Portugal em Bicicleta Santander Totta Stage 7.gpx,https://www.komoot.com/tour/2969750958,30.3,1.36,130.0,0.0,0.186,0.0,155.0,2.4,3.75,0.0,0.0,0.0,0.0,0.0,0.0,0.0
2017 Volta a Portugal em Bicicleta Santander Totta Stage 8.gpx,https://www.komoot.com/tour/2969751601,69.5,2.17,85.5,0.0,1.83,0.117,153.0,3.28,0.731,1.94,0.727,0.727,0.0,0.0,0.0,0.0
2017 Volta a Portugal em Bicicleta Santander Totta Stage 9.gpx,https://www.komoot.com/tour/2969752149,67.6,0.815,113.0,1.32,1.76,0.0,155.0,27.8,0.381,1.76,0.0,0.0,0.0,0.0,0.0,0.0
2017 Volta a la Comunitat Valenciana Stage 1.gpx,https://www.komoot.com/tour/2969752654,31.6,2.58,3.68,0.0,0.0,0.0,37.2,0.721,0.163,0.0,0.282,0.0,0.0,0.0,0.0,0.0
2017 Volta a la Comunitat Valenciana Stage 2.gpx,https://www.komoot.com/tour/2969753443,167.0,1.89,10.8,0.418,0.707,0.0,178.0,1.64,0.487,1.16,0.543,0.0,0.0,0.0,0.0,0.0
2017 Volta a la Comunitat Valenciana Stage 3.gpx,https://www.komoot.com/tour/2969754140,99.0,3.77,56.1,0.413,2.34,0.0,155.0,4.3,0.0,2.36,0.0,0.0,0.0,0.0,0.0,0.0
2017 Volta a la Comunitat Valenciana Stage 4.gpx,https://www.komoot.com/tour/2969754765,169.0,0.0,8.19,0.0,0.0,0.0,173.0,2.2,0.0,0.0,2.2,0.0,0.0,4.58,0.0,0.0
2017 Volta a la Comunitat Valenciana Stage 5.gpx,https://www.komoot.com/tour/2969755762,68.6,2.66,30.9,12.7,11.3,0.0,108.0,6.52,3.24,11.2,4.06,1.14,0.0,0.0,0.0,0.0
2017 Volta ao Alentejo Stage 1.gpx,https://www.komoot.com/tour/2969756384,83.2,2.11,74.0,0.0,0.0,0.0,156.0,2.87,0.968,0.0,0.129,0.0,0.0,0.0,0.0,0.0
2017 Volta ao Alentejo Stage 2.gpx,https://www.komoot.com/tour/2969756940,75.8,3.95,126.0,0.0,0.905,0.0,199.0,5.67,1.26,0.905,0.0,0.0,0.0,0.0,0.0,0.0
2017 Volta ao Alentejo Stage 3.gpx,https://www.komoot.com/tour/2969757564,84.2,0.976,100.0,0.0,0.156,0.0,184.0,0.626,0.367,0.156,0.0,0.299,0.0,0.0,0.0,0.0
2017 Volta ao Alentejo Stage 4.gpx,https://www.komoot.com/tour/2969758246,28.2,1.41,149.0,0.286,8.29,0.0,158.0,20.7,0.0,7.86,2.19,2.17,0.0,0.0,0.0,0.0
2017 Volta ao Alentejo Stage 5.gpx,https://www.komoot.com/tour/2969758904,8.81,0.973,159.0,0.0,4.86,0.0,165.0,0.989,2.59,3.11,2.02,1.93,0.0,0.0,0.0,0.0
2017 Volta ao Algarve em Bicicleta Stage 1.gpx,https://www.komoot.com/tour/2969759518,40.3,0.157,136.0,0.0,1.08,0.0,163.0,13.3,0.0,1.1,0.0,0.0,0.0,0.0,0.0,0.0
2017 Volta ao Algarve em Bicicleta Stage 2.gpx,https://www.komoot.com/tour/2969760131,95.1,0.848,88.3,1.73,1.42,0.0,183.0,3.27,0.116,1.71,0.234,0.0,0.0,0.0,0.0,0.0
2017 Volta ao Algarve em Bicicleta Stage 3.gpx,https://www.komoot.com/tour/2969760759,9.81,3.08,0.0,4.18,0.0,0.0,16.5,0.0,1.12,0.0,0.0,0.278,0.731,0.0,0.0,0.0
2017 Volta ao Algarve em Bicicleta Stage 4.gpx,https://www.komoot.com/tour/2969761286,121.0,0.628,80.4,0.425,0.217,0.0,190.0,12.5,0.176,0.217,0.0,0.0,0.0,0.0,0.0,0.0
2017 Volta ao Algarve em Bicicleta Stage 5.gpx,https://www.komoot.com/tour/2969761741,127.0,0.0,50.7,1.19,1.47,0.0,178.0,0.258,0.11,1.25,0.155,0.288,0.0,0.0,0.0,0.0
2017 Vuelta Ciclista Internacional a Costa Rica Stage 1.gpx,https://www.komoot.com/tour/2969762250,2.48,2.43,134.0,0.0,8.98,0.0,135.0,2.91,0.0,9.12,0.928,0.72,0.0,0.0,0.0,0.0
2017 Vuelta Ciclista Internacional a Costa Rica Stage 10.gpx,https://www.komoot.com/tour/2969762777,5.31,0.69,125.0,0.0,2.24,0.114,131.0,0.0,0.0,1.42,0.0,0.0,0.0,0.0,0.0,0.0
2017 Vuelta Ciclista Internacional a Costa Rica Stage 2.gpx,https://www.komoot.com/tour/2969763277,1.92,1.11,102.0,0.0,0.481,0.0,59.4,46.0,0.0,0.887,0.405,0.0,0.0,0.0,0.0,0.0
2017 Vuelta Ciclista Internacional a Costa Rica Stage 3.gpx,https://www.komoot.com/tour/2969763744,65.1,1.5,116.0,0.0,0.665,0.0,181.0,1.27,0.0,0.665,0.0,0.0,0.0,0.0,0.0,0.0
2017 Vuelta Ciclista Internacional a Costa Rica Stage 4.gpx,https://www.komoot.com/tour/2969764364,2.82,8.43,170.0,0.0,12.0,0.0,177.0,3.85,0.0,12.6,1.02,0.867,0.0,0.0,0.0,0.0
2017 Vuelta Ciclista Internacional a Costa Rica Stage 5.gpx,https://www.komoot.com/tour/2969764750,17.7,2.1,0.0,0.0,0.189,0.0,16.2,3.55,0.0,0.189,0.0,0.0,0.0,0.0,0.0,0.0
2017 Vuelta Ciclista Internacional a Costa Rica Stage 6.gpx,https://www.komoot.com/tour/2969765369,1.15,2.69,167.0,0.293,2.26,0.0,133.0,37.3,0.194,2.91,0.343,0.295,0.0,0.0,0.0,0.0
2017 Vuelta Ciclista Internacional a Costa Rica Stage 7.gpx,https://www.komoot.com/tour/2969765805,18.9,0.142,97.6,0.0,0.541,0.0,103.0,4.9,0.0,0.541,0.0,8.89,0.0,0.0,0.0,0.0
2017 Vuelta Ciclista Internacional a Costa Rica Stage 8.gpx,https://www.komoot.com/tour/2969766870,87.0,8.16,0.0,0.0,0.0,0.0,91.4,3.71,0.0,0.0,0.0,0.0,0.0,0.0,0.0,0.0
2017 Vuelta Ciclista Internacional a Costa Rica Stage 9.gpx,https://www.komoot.com/tour/2969767920,1.18,0.704,123.0,0.0,2.23,0.131,125.0,0.0,0.0,2.49,0.0,0.0,0.0,0.0,0.0,0.0
2017 Vuelta Ciclista a La Rioja.gpx,https://www.komoot.com/tour/2969769170,85.0,0.388,63.0,0.0,2.34,0.0,149.0,0.528,0.0,2.34,0.324,0.192,0.0,0.0,0.0,0.0
2017 Vuelta Ciclista a la Comunidad de Madrid Stage 1.gpx,https://www.komoot.com/tour/2969770002,13.3,2.23,128.0,0.324,0.709,0.0,143.0,1.41,0.0,0.709,0.0,0.0,0.0,0.0,0.0,0.0
2017 Vuelta Ciclista a la Comunidad de Madrid Stage 2.gpx,https://www.komoot.com/tour/2969770674,63.8,0.0,84.7,0.0,0.0,0.0,149.0,0.0,0.0,0.0,0.0,0.0,0.0,0.0,0.0,0.0
2017 Vuelta Ciclista a la Provincia de San Juan Stage 1.gpx,https://www.komoot.com/tour/2969772796,46.8,1.44,92.9,0.0,5.6,0.0,127.0,13.3,0.0,5.6,0.0,0.377,0.0,0.0,0.0,0.0
2017 Vuelta Ciclista a la Provincia de San Juan Stage 2.gpx,https://www.komoot.com/tour/2969773374,42.7,1.02,67.0,16.8,6.57,0.0,119.0,8.81,0.0,6.83,3.2,3.36,0.28,0.0,0.0,0.0
2017 Vuelta Ciclista a la Provincia de San Juan Stage 3.gpx,https://www.komoot.com/tour/2969773893,11.5,0.0,0.0,0.0,0.0,0.0,11.3,0.255,0.0,0.0,0.0,0.0,0.0,0.0,0.0,0.0
2017 Vuelta Ciclista a la Provincia de San Juan Stage 4.gpx,https://www.komoot.com/tour/2969774309,104.0,28.9,31.8,0.0,0.0,0.0,110.0,54.4,0.0,0.0,0.0,0.0,0.0,0.0,0.0,0.0
2017 Vuelta Ciclista a la Provincia de San Juan Stage 5.gpx,https://www.komoot.com/tour/2969774907,90.8,0.203,70.1,1.43,0.229,0.0,143.0,19.0,0.145,0.229,0.0,0.0,0.0,0.0,0.0,0.0
2017 Vuelta Ciclista a la Provincia de San Juan Stage 6.gpx,https://www.komoot.com/tour/2969775575,64.2,22.3,92.3,0.0,1.45,0.0,136.0,38.4,0.0,1.45,0.0,4.63,0.0,0.0,0.0,0.0
2017 Vuelta Ciclista a la Provincia de San Juan Stage 7.gpx,https://www.komoot.com/tour/2969776203,20.7,0.0,0.0,0.0,120.0,0.0,20.8,1.91,0.0,117.0,6.23,0.0,0.0,0.0,0.0,0.0
2017 Vuelta Ciclista a la Region de Murcia.gpx,https://www.komoot.com/tour/2969777031,83.5,0.864,86.4,1.43,4.4,0.0,163.0,8.81,0.466,4.4,0.282,0.282,0.0,0.0,0.0,0.0
2017 Vuelta a Andalucia Ruta Ciclista Del Sol Stage 1.gpx,https://www.komoot.com/tour/2969778160,114.0,2.56,35.1,0.0,2.14,0.0,152.0,0.209,0.178,2.16,0.0,0.0,0.0,0.0,0.0,0.0
2017 Vuelta a Andalucia Ruta Ciclista Del Sol Stage 2.gpx,https://www.komoot.com/tour/2969778992,147.0,8.29,9.86,0.162,9.04,0.0,150.0,15.9,0.0,7.76,3.61,2.81,0.0,0.367,0.0,0.0
2017 Vuelta a Andalucia Ruta Ciclista Del Sol Stage 3.gpx,https://www.komoot.com/tour/2969779521,9.28,2.33,0.158,0.0,0.0,0.0,7.69,4.05,0.0,0.0,0.0,0.0,0.0,0.0,0.0,0.0
2017 Vuelta a Andalucia Ruta Ciclista Del Sol Stage 4.gpx,https://www.komoot.com/tour/2969780180,163.0,1.88,11.2,0.979,1.61,0.0,174.0,1.91,0.123,2.59,0.396,0.22,0.0,0.0,0.0,0.0
2017 Vuelta a Andalucia Ruta Ciclista Del Sol Stage 5.gpx,https://www.komoot.com/tour/2969780911,139.0,1.69,9.14,0.0,0.0,0.0,147.0,3.19,0.0,0.0,0.0,0.0,0.0,0.0,0.0,0.0
2017 Vuelta a Asturias Stage 1.gpx,https://www.komoot.com/tour/2969781474,120.0,6.29,27.6,0.0,15.9,0.0,151.0,2.92,0.0,15.9,0.0,0.433,0.409,0.0,0.0,0.0
2017 Vuelta a Asturias Stage 2.gpx,https://www.komoot.com/tour/2969782157,99.1,7.09,72.3,0.215,0.894,0.0,178.0,0.401,0.0,0.894,0.0,0.0,0.0,0.0,0.0,0.0
2017 Vuelta a Asturias Stage 3.gpx,https://www.komoot.com/tour/2969782840,49.2,2.19,69.2,0.0,0.0,0.0,121.0,0.0,0.0,0.0,0.0,0.0,0.0,0.0,0.0,0.0
2017 Vuelta a Burgos Stage 1.gpx,https://www.komoot.com/tour/2969783680,107.0,11.2,34.6,0.766,0.253,0.0,153.0,1.04,0.15,0.446,0.661,0.507,0.0,0.0,0.0,0.0
2017 Vuelta a Burgos Stage 2.gpx,https://www.komoot.com/tour/2969784336,109.0,0.594,44.1,0.0,0.0,0.0,154.0,0.0,0.0,0.134,0.291,0.157,0.0,0.0,0.0,0.0
2017 Vuelta a Burgos Stage 3.gpx,https://www.komoot.com/tour/2969784862,128.0,1.35,44.3,0.0,0.0,0.0,164.0,8.74,0.0,0.256,0.0,0.0,0.0,0.0,0.0,0.0
2017 Vuelta a Burgos Stage 4.gpx,https://www.komoot.com/tour/2969785423,127.0,0.648,19.2,0.0,0.0,0.0,146.0,0.0,0.0,0.0,0.703,0.703,0.0,0.0,0.0,0.0
2017 Vuelta a Burgos Stage 5.gpx,https://www.komoot.com/tour/2969785938,87.7,0.499,47.8,0.0,0.835,0.0,136.0,0.0,0.0,0.841,0.147,0.528,0.388,0.0,0.0,0.0
2017 Vuelta a Castilla y Leon Stage 1.gpx,https://www.komoot.com/tour/2969786451,92.7,0.583,71.6,0.0,0.234,0.0,163.0,1.76,0.0,0.234,0.0,0.0,0.0,0.0,0.0,0.0
2017 Vuelta a Castilla y Leon Stage 2.gpx,https://www.komoot.com/tour/2969786917,78.4,1.98,84.8,0.0,0.0,0.0,160.0,4.95,0.0,0.0,0.0,0.0,0.0,0.0,0.0,0.0
2017 Vuelta a Castilla y Leon Stage 3.gpx,https://www.komoot.com/tour/2969787514,130.0,0.93,17.5,0.0,0.0,0.0,146.0,1.72,0.0,0.0,2.34,2.34,0.0,0.0,0.0,0.0
2017 Vuelta a Espana Stage 1.gpx,https://www.komoot.com/tour/2969787995,9.19,2.03,0.0,2.01,0.305,0.0,12.4,0.651,0.0,0.722,0.159,0.0,0.0,0.0,0.0,0.0
2017 Vuelta a Espana Stage 10.gpx,https://www.komoot.com/tour/2969788711,28.7,6.76,118.0,0.0,2.52,0.0,151.0,2.24,0.0,3.14,9.11,0.0,0.0,9.11,0.0,0.0
2017 Vuelta a Espana Stage 11.gpx,https://www.komoot.com/tour/2969789271,116.0,7.96,53.5,1.69,6.13,0.0,170.0,3.49,0.0,11.2,4.24,4.2,0.496,0.0,0.0,0.0
2017 Vuelta a Espana Stage 12.gpx,https://www.komoot.com/tour/2969790015,65.8,0.718,92.4,0.0,0.354,0.0,158.0,0.997,0.0,0.445,0.571,0.0,0.0,0.0,0.0,0.0
2017 Vuelta a Espana Stage 13.gpx,https://www.komoot.com/tour/2969791038,134.0,2.71,57.3,0.0,2.57,0.0,192.0,2.61,0.0,3.45,1.61,0.207,0.207,0.0,0.0,0.0
2017 Vuelta a Espana Stage 14.gpx,https://www.komoot.com/tour/2969791521,87.7,0.331,86.0,0.0,0.0,0.0,174.0,0.688,0.0,0.0,1.45,0.759,0.0,0.0,0.0,0.0
2017 Vuelta a Espana Stage 15.gpx,https://www.komoot.com/tour/2969792380,76.1,0.185,47.6,1.54,1.22,0.0,125.0,0.225,0.617,1.34,1.02,0.0,0.0,0.0,0.0,0.0
2017 Vuelta a Espana Stage 16.gpx,https://www.komoot.com/tour/2969793092,26.5,0.0,8.47,0.795,3.51,0.0,32.7,3.55,0.0,3.51,0.0,0.0,0.0,0.0,0.0,0.0
2017 Vuelta a Espana Stage 17.gpx,https://www.komoot.com/tour/2969793744,109.0,0.576,68.4,0.0,0.579,0.0,177.0,3.44,0.0,0.663,2.75,0.45,0.0,0.198,0.0,0.0
2017 Vuelta a Espana Stage 18.gpx,https://www.komoot.com/tour/2969794377,74.4,0.0,94.2,0.0,0.376,0.0,168.0,0.153,0.0,0.0,0.0,0.0,0.0,0.0,0.0,0.0
2017 Vuelta a Espana Stage 19.gpx,https://www.komoot.com/tour/2969795211,91.6,0.53,48.6,0.21,8.13,0.0,140.0,0.661,0.0,8.13,0.328,0.0,0.0,0.0,0.0,0.0
2017 Vuelta a Espana Stage 2.gpx,https://www.komoot.com/tour/2969796165,128.0,4.98,55.8,3.12,10.1,0.0,181.0,9.71,0.484,11.8,4.48,4.23,0.411,0.0,0.0,0.0
2017 Vuelta a Espana Stage 20.gpx,https://www.komoot.com/tour/2969796989,101.0,1.32,13.4,0.0,1.15,0.0,115.0,0.821,0.0,1.26,0.0,0.493,0.497,0.0,0.0,0.0
2017 Vuelta a Espana Stage 21.gpx,https://www.komoot.com/tour/2969798344,25.2,17.7,55.3,4.19,9.69,0.0,93.3,9.73,0.491,12.5,1.8,0.668,0.0,0.0,0.0,0.0
2017 Vuelta a Espana Stage 3.gpx,https://www.komoot.com/tour/2969799157,42.6,1.15,116.0,1.8,0.486,0.0,160.0,1.63,0.493,0.486,0.578,0.421,0.421,0.0,0.0,0.0
2017 Vuelta a Espana Stage 4.gpx,https://www.komoot.com/tour/2969800152,37.3,1.6,159.0,0.0,2.52,0.0,198.0,0.71,0.0,2.56,0.788,0.665,0.0,0.0,0.0,0.0
2017 Vuelta a Espana Stage 5.gpx,https://www.komoot.com/tour/2969800904,132.0,2.84,39.3,0.324,0.0,0.0,172.0,1.74,0.373,0.0,0.0,0.336,0.336,0.0,0.0,0.0
2017 Vuelta a Espana Stage 6.gpx,https://www.komoot.com/tour/2969801856,154.0,2.82,34.0,11.4,0.434,0.0,194.0,7.61,0.0,0.47,0.0,0.0,0.0,0.0,0.0,0.0
2017 Vuelta a Espana Stage 7.gpx,https://www.komoot.com/tour/2969802829,48.2,2.41,146.0,5.81,4.18,0.0,185.0,14.8,2.19,5.21,1.93,1.01,0.0,0.0,0.0,0.0
2017 Vuelta a Espana Stage 8.gpx,https://www.komoot.com/tour/2969803747,114.0,3.18,79.4,6.18,0.0,0.0,194.0,8.98,0.0,0.0,0.0,0.0,0.0,0.0,0.0,0.0
2017 Vuelta a Espana Stage 9.gpx,https://www.komoot.com/tour/2969804855,65.1,3.35,99.8,1.94,2.58,0.0,167.0,1.79,0.0,3.21,0.163,1.71,1.38,0.0,0.0,0.0
2017 Vuelta al Pais Vasco Stage 1.gpx,https://www.komoot.com/tour/2969805552,59.0,1.77,82.2,1.18,2.49,0.0,142.0,0.741,1.66,2.92,1.54,0.671,0.503,0.357,0.0,0.0
2017 Vuelta al Pais Vasco Stage 2.gpx,https://www.komoot.com/tour/2969806259,75.1,0.0,98.6,0.0,0.0,0.0,171.0,2.77,0.0,0.0,0.0,0.0,0.0,0.0,0.0,0.0
2017 Vuelta al Pais Vasco Stage 3.gpx,https://www.komoot.com/tour/2969807029,127.0,8.93,24.4,1.06,0.0,0.0,160.0,0.931,0.0,0.0,0.114,0.0,0.0,0.121,0.0,0.0
2017 Vuelta al Pais Vasco Stage 4.gpx,https://www.komoot.com/tour/2969808008,58.5,6.13,96.4,4.72,9.58,0.0,156.0,5.04,0.53,10.8,1.02,4.22,0.0,0.0,0.0,0.0
2017 Vuelta al Pais Vasco Stage 5.gpx,https://www.komoot.com/tour/2969808865,81.4,2.19,52.2,1.8,0.589,0.0,132.0,6.05,0.0,0.589,0.0,0.0,0.0,0.0,0.0,0.0
2017 Vuelta al Pais Vasco Stage 6.gpx,https://www.komoot.com/tour/2969809748,15.5,0.626,9.85,0.947,0.362,0.0,26.0,0.971,0.0,0.362,0.0,0.0,0.0,0.0,0.0,0.0
2017 Winston-Salem Cycling Classic.gpx,https://www.komoot.com/tour/2969811165,80.6,41.3,16.6,16.3,6.33,0.0,115.0,41.2,0.0,6.02,0.926,0.578,0.578,0.0,0.0,0.0
2017 4 Jours de Dunkerque / Grand Prix des Hauts-de-France Stage 1.gpx,https://www.komoot.com/tour/2987392425,123.0,7.29,39.5,19.6,0.621,0.0,184.0,0.456,5.71,0.391,2.08,1.03,0.0,0.0,0.0,0.0
2017 4 Jours de Dunkerque / Grand Prix des Hauts-de-France Stage 2.gpx,https://www.komoot.com/tour/2987393356,158.0,1.22,7.14,4.02,0.0,0.0,168.0,2.23,0.0,0.0,0.0,0.0,0.0,0.0,0.0,0.0
2017 4 Jours de Dunkerque / Grand Prix des Hauts-de-France Stage 3.gpx,https://www.komoot.com/tour/2987394057,146.0,1.98,4.36,1.22,0.0,0.0,147.0,6.55,0.0,0.0,0.0,0.0,0.0,0.0,0.0,0.0
2017 4 Jours de Dunkerque / Grand Prix des Hauts-de-France Stage 4.gpx,https://www.komoot.com/tour/2987394901,108.0,5.74,35.3,16.8,1.62,0.173,160.0,4.83,1.28,2.01,0.162,0.0,0.0,0.162,0.0,0.0
2017 4 Jours de Dunkerque / Grand Prix des Hauts-de-France Stage 5.gpx,https://www.komoot.com/tour/2987395707,132.0,7.5,43.7,6.17,0.0,0.572,168.0,1.15,20.4,0.503,0.114,0.0,0.0,0.0,0.0,0.0
2017 4 Jours de Dunkerque / Grand Prix des Hauts-de-France Stage 6.gpx,https://www.komoot.com/tour/2987397017,98.3,42.0,1.41,16.1,0.0,0.223,143.0,2.76,15.8,0.0,3.17,0.0,0.0,0.0,0.0,0.0
2017 Colombian Road National Championships.gpx,0,0.0,0.0,0.0,0.0,0.0,0.0,0.0,0.0,0.0,0.0,0.0,0.0,0.0,0.0,0.0,0.0
2017 Dwars Door Vlaanderen / A travers la Flandre.gpx,https://www.komoot.com/tour/2987399581,63.4,17.4,8.63,92.1,4.36,0.0,121.0,67.2,11.1,4.67,1.45,0.446,0.123,1.21,0.0,0.0
2017 GP de Denain - Porte du Hainaut / Valenciennes Metropole.gpx,https://www.komoot.com/tour/2987400402,171.0,1.13,14.0,14.3,0.0,0.0,196.0,2.35,1.74,0.0,0.0,0.0,0.0,0.0,0.0,0.0
2017 GP de Fourmies / La Voix du Nord.gpx,https://www.komoot.com/tour/2987401263,199.0,4.05,0.0,0.407,0.488,0.0,199.0,4.13,0.0,0.595,0.185,0.0,0.0,0.0,0.0,0.0
2017 Gent-Wevelgem in Flanders Fields.gpx,https://www.komoot.com/tour/2987402091,121.0,6.1,6.89,92.4,4.63,0.0,160.0,75.0,3.59,5.81,4.32,4.26,0.0,0.0,0.0,0.0
2017 Grand Prix Cycliste de Montreal.gpx,0,0.0,0.0,0.0,0.0,0.0,0.0,0.0,0.0,0.0,0.0,0.0,0.0,0.0,0.0,0.0,0.0
2017 Grand Prix Cycliste de Quebec.gpx,0,0.0,0.0,0.0,0.0,0.0,0.0,0.0,0.0,0.0,0.0,0.0,0.0,0.0,0.0,0.0,0.0
2017 Grand Prix de la Somme / Conseil Departemental 80.gpx,https://www.komoot.com/tour/2987405025,149.0,7.98,35.3,2.85,3.29,0.0,187.0,7.98,0.0,2.94,0.0,0.0,0.0,0.0,0.0,0.0
2017 Grote Prijs Jef Scherens - Rondom Leuven.gpx,0,0.0,0.0,0.0,0.0,0.0,0.0,0.0,0.0,0.0,0.0,0.0,0.0,0.0,0.0,0.0,0.0
2017 Koga Slag om Norg Rest day.gpx,0,0.0,0.0,0.0,0.0,0.0,0.0,0.0,0.0,0.0,0.0,0.0,0.0,0.0,0.0,0.0,0.0
2017 Tour of Alberta Stage 3.gpx,0,0.0,0.0,0.0,0.0,0.0,0.0,0.0,0.0,0.0,0.0,0.0,0.0,0.0,0.0,0.0,0.0
2017 Tour of Alberta Stage 4.gpx,https://www.komoot.com/tour/2987409981,93.6,2.29,0.0,22.9,0.0,0.0,109.0,13.9,1.38,1.79,7.04,0.0,0.0,0.0,0.0,0.0
2017 Tour of Almaty Stage 2.gpx,0,0.0,0.0,0.0,0.0,0.0,0.0,0.0,0.0,0.0,0.0,0.0,0.0,0.0,0.0,0.0,0.0
2017 Tour of Estonia Stage 2.gpx,0,0.0,0.0,0.0,0.0,0.0,0.0,0.0,0.0,0.0,0.0,0.0,0.0,0.0,0.0,0.0,0.0
2017 Tour of Slovaquie Stage 2.gpx,https://www.komoot.com/tour/2987413337,149.0,0.512,28.4,0.0,0.0,0.0,169.0,9.18,0.45,0.0,0.0,0.0,0.0,0.0,0.0,0.0
2017 Tour of Thailand Stage 2.gpx,0,0.0,0.0,0.0,0.0,0.0,0.0,0.0,0.0,0.0,0.0,0.0,0.0,0.0,0.0,0.0,0.0
2017 UCI Road World Championships.gpx,0,0.0,0.0,0.0,0.0,0.0,0.0,0.0,0.0,0.0,0.0,0.0,0.0,0.0,0.0,0.0,0.0
2017 Volta Ciclista a Catalunya Stage 7.gpx,0,0.0,0.0,0.0,0.0,0.0,0.0,0.0,0.0,0.0,0.0,0.0,0.0,0.0,0.0,0.0,0.0
2017 Vuelta Ciclista a la Comunidad de Madrid Stage 3.gpx,0,0.0,0.0,0.0,0.0,0.0,0.0,0.0,0.0,0.0,0.0,0.0,0.0,0.0,0.0,0.0,0.0
